episode,total_reward,reward_per_step,rolling_20ep,best_cumul,throughput_err,sinr_dl_err,sinr_ul_err,delay_err,bler_err,algo
0,-45.9755,-0.35918,-45.9755,-45.9755,1.0689,0.00186,3.9639,0.006635,0.011461,ppo
1,-46.1001,-0.36016,-46.0378,-45.9755,1.06771,0.0014,3.98096,0.013751,0.009768,ppo
2,-45.7504,-0.35742,-45.942,-45.7504,1.06813,0.0019,3.93023,0.006841,0.012868,ppo
3,-43.7668,-0.34193,-45.3982,-43.7668,1.06824,0.00156,3.62205,0.006928,0.008275,ppo
4,-44.9537,-0.3512,-45.3093,-43.7668,1.06845,0.00147,3.80062,0.012978,0.009,ppo
5,-45.7488,-0.35741,-45.3826,-43.7668,1.06805,0.0019,3.93023,0.006811,0.012879,ppo
6,-45.3685,-0.35444,-45.3805,-43.7668,1.06875,0.00145,3.8642,0.013228,0.009231,ppo
7,-45.9056,-0.35864,-45.4462,-43.7668,1.06873,0.00189,3.95315,0.006671,0.012128,ppo
8,-45.7504,-0.35742,-45.48,-43.7668,1.06813,0.0019,3.93023,0.006841,0.012868,ppo
9,-45.8984,-0.35858,-45.5218,-43.7668,1.06658,0.00158,3.95787,0.007849,0.011424,ppo
10,-45.9189,-0.35874,-45.5579,-43.7668,1.06801,0.00179,3.95862,0.006445,0.009846,ppo
11,-45.5248,-0.35566,-45.5551,-43.7668,1.06836,0.00144,3.88966,0.013337,0.009344,ppo
12,-46.0097,-0.35945,-45.5901,-43.7668,1.0685,0.00182,3.9709,0.006553,0.010621,ppo
13,-44.7044,-0.34925,-45.5269,-43.7668,1.06871,0.0017,3.76761,0.006279,0.008404,ppo
14,-46.0549,-0.3598,-45.5621,-43.7668,1.06777,0.0014,3.97376,0.013704,0.009718,ppo
15,-46.0755,-0.35997,-45.5941,-43.7668,1.06812,0.0014,3.97594,0.013718,0.009733,ppo
16,-45.4671,-0.35521,-45.5867,-43.7668,1.06854,0.00144,3.88018,0.013296,0.009298,ppo
17,-44.111,-0.34462,-45.5047,-43.7668,1.06881,0.00153,3.6682,0.012802,0.008423,ppo
18,-43.8997,-0.34297,-45.4202,-43.7668,1.06862,0.00155,3.64161,0.006975,0.008337,ppo
19,-45.5464,-0.35583,-45.4265,-43.7668,1.06744,0.00176,3.9025,0.006359,0.009262,ppo
20,-46.011,-0.35946,-45.4283,-43.7668,1.06881,0.00183,3.97005,0.006577,0.010825,ppo
21,-46.0929,-0.3601,-45.4279,-43.7668,1.0678,0.0014,3.97958,0.013739,0.009756,ppo
22,-45.9845,-0.35925,-45.4396,-43.7668,1.06817,0.0018,3.96825,0.006485,0.010096,ppo
23,-44.3133,-0.3462,-45.467,-43.7668,1.06833,0.00152,3.70113,0.012905,0.008562,ppo
24,-45.7817,-0.35767,-45.5084,-43.7668,1.06831,0.00192,3.93474,0.0067,0.012767,ppo
25,-45.955,-0.35902,-45.5187,-43.7668,1.06854,0.00186,3.9617,0.006645,0.011631,ppo
26,-45.8253,-0.35801,-45.5415,-43.7668,1.06832,0.00191,3.94162,0.00669,0.01255,ppo
27,-45.9189,-0.35874,-45.5422,-43.7668,1.06801,0.00179,3.95862,0.006445,0.009846,ppo
28,-44.6543,-0.34886,-45.4874,-43.7668,1.06837,0.00169,3.76082,0.006273,0.008372,ppo
29,-44.0841,-0.34441,-45.3967,-43.7668,1.06863,0.00154,3.66455,0.012792,0.008413,ppo
30,-44.9428,-0.35112,-45.3479,-43.7668,1.06737,0.00172,3.80875,0.006295,0.008613,ppo
31,-46.0138,-0.35948,-45.3723,-43.7668,1.06856,0.00182,3.97137,0.006549,0.010585,ppo
32,-43.5358,-0.34012,-45.2486,-43.5358,1.06828,0.00158,3.58598,0.006787,0.008146,ppo
33,-45.8734,-0.35839,-45.3071,-43.5358,1.06738,0.00163,3.95149,0.007743,0.011747,ppo
34,-46.1874,-0.36084,-45.3137,-43.5358,1.06806,0.0014,3.9934,0.013854,0.009871,ppo
35,-45.7681,-0.35756,-45.2983,-43.5358,1.06835,0.00186,3.93225,0.006985,0.012796,ppo
36,-45.7949,-0.35777,-45.3147,-43.5358,1.06815,0.00177,3.9369,0.007335,0.012501,ppo
37,-44.7365,-0.3495,-45.346,-43.5358,1.06825,0.00149,3.76716,0.01314,0.008851,ppo
38,-45.8367,-0.3581,-45.4428,-43.5358,1.06851,0.0019,3.94288,0.006687,0.012484,ppo
39,-44.7044,-0.34925,-45.4007,-43.5358,1.06871,0.0017,3.76761,0.006279,0.008404,ppo
40,-43.8617,-0.34267,-45.2933,-43.5358,1.06773,0.00164,3.63873,0.006604,0.008076,ppo
41,-43.5358,-0.34012,-45.1654,-43.5358,1.06828,0.00158,3.58598,0.006787,0.008146,ppo
42,-44.771,-0.34977,-45.1047,-43.5358,1.06787,0.00149,3.77366,0.013165,0.008881,ppo
43,-44.134,-0.3448,-45.0958,-43.5358,1.06902,0.00153,3.67118,0.012811,0.008436,ppo
44,-46.1557,-0.36059,-45.1145,-43.5358,1.068,0.00144,3.98843,0.01386,0.010267,ppo
45,-45.7678,-0.35756,-45.1051,-43.5358,1.06812,0.00185,3.93289,0.007015,0.012775,ppo
46,-43.8252,-0.34238,-45.0051,-43.5358,1.06785,0.00163,3.63266,0.006612,0.008069,ppo
47,-45.3685,-0.35444,-44.9776,-43.5358,1.06875,0.00145,3.8642,0.013228,0.009231,ppo
48,-45.4671,-0.35521,-45.0182,-43.5358,1.06854,0.00144,3.88018,0.013296,0.009298,ppo
49,-44.2449,-0.34566,-45.0263,-43.5358,1.06722,0.00167,3.70012,0.006552,0.008164,ppo
50,-45.4241,-0.35488,-45.0503,-43.5358,1.06848,0.00144,3.87364,0.013269,0.009271,ppo
51,-44.0328,-0.34401,-44.9513,-43.5358,1.06725,0.00165,3.6669,0.006576,0.008104,ppo
52,-45.825,-0.35801,-45.0657,-43.5358,1.06718,0.00168,3.94451,0.007606,0.012045,ppo
53,-43.8983,-0.34296,-44.967,-43.5358,1.06754,0.00164,3.64503,0.006595,0.00808,ppo
54,-46.0122,-0.35947,-44.9582,-43.5358,1.06905,0.00183,3.96951,0.006581,0.010862,ppo
55,-43.6076,-0.34068,-44.8502,-43.5358,1.06861,0.00157,3.59619,0.006841,0.008186,ppo
56,-45.7895,-0.35773,-44.8499,-43.5358,1.06787,0.00176,3.9369,0.007349,0.012481,ppo
57,-45.9676,-0.35912,-44.9115,-43.5358,1.06812,0.00141,3.9592,0.013624,0.009641,ppo
58,-45.7362,-0.35731,-44.9065,-43.5358,1.06757,0.00192,3.92976,0.006744,0.012896,ppo
59,-45.0691,-0.3521,-44.9247,-43.5358,1.0676,0.00172,3.82772,0.006306,0.008728,ppo
60,-45.8562,-0.35825,-45.0244,-43.5358,1.0681,0.00179,3.94864,0.006426,0.009705,ppo
61,-45.1302,-0.35258,-45.1042,-43.5358,1.0687,0.00146,3.8273,0.013079,0.009103,ppo
62,-46.2005,-0.36094,-45.1756,-43.5358,1.068,0.0014,3.99555,0.013894,0.009952,ppo
63,-45.9918,-0.35931,-45.2685,-43.5358,1.06708,0.00151,3.9711,0.007987,0.010916,ppo
64,-44.2198,-0.34547,-45.1717,-43.5358,1.06711,0.00166,3.69653,0.006555,0.008161,ppo
65,-45.6027,-0.35627,-45.1635,-43.5358,1.0681,0.00143,3.90253,0.013389,0.009401,ppo
66,-45.9484,-0.35897,-45.2696,-43.5358,1.0681,0.0018,3.96292,0.006459,0.009942,ppo
67,-43.5233,-0.34003,-45.1774,-43.5233,1.06791,0.0016,3.5852,0.006735,0.008113,ppo
68,-45.9818,-0.35923,-45.2031,-43.5233,1.06891,0.00185,3.96496,0.006617,0.011253,ppo
69,-45.9924,-0.35932,-45.2905,-43.5233,1.06883,0.00184,3.96696,0.006601,0.011084,ppo
70,-45.8946,-0.35855,-45.314,-43.5233,1.06699,0.0016,3.95604,0.007822,0.011516,ppo
71,-45.853,-0.35823,-45.405,-43.5233,1.06716,0.00165,3.94896,0.007698,0.011848,ppo
72,-44.0696,-0.34429,-45.3172,-43.5233,1.06721,0.00165,3.67276,0.006568,0.008115,ppo
73,-46.0006,-0.35938,-45.4224,-43.5233,1.06744,0.00181,3.97278,0.006525,0.010381,ppo
74,-44.3882,-0.34678,-45.3412,-43.5233,1.06891,0.00151,3.71102,0.012939,0.008608,ppo
75,-45.8166,-0.35794,-45.4516,-43.5233,1.06802,0.00191,3.94115,0.006693,0.012585,ppo
76,-45.7041,-0.35706,-45.4473,-43.5233,1.0678,0.00143,3.91921,0.013455,0.009463,ppo
77,-45.9486,-0.35897,-45.4464,-43.5233,1.068,0.00141,3.95659,0.013609,0.009626,ppo
78,-45.9348,-0.35887,-45.4563,-43.5233,1.06875,0.00187,3.95779,0.006661,0.011849,ppo
79,-43.9897,-0.34367,-45.4023,-43.5233,1.06827,0.00154,3.65092,0.012749,0.008364,ppo
80,-45.774,-0.35761,-45.3982,-43.5233,1.06804,0.00184,3.93404,0.007093,0.012732,ppo
81,-43.5202,-0.34,-45.3177,-43.5202,1.06808,0.00159,3.58421,0.006744,0.008118,ppo
82,-45.8379,-0.35811,-45.2996,-43.5202,1.06722,0.00166,3.94641,0.007656,0.011946,ppo
83,-43.8997,-0.34297,-45.195,-43.5202,1.06862,0.00155,3.64161,0.006975,0.008337,ppo
84,-45.8632,-0.35831,-45.2772,-43.5202,1.06714,0.00164,3.95062,0.00772,0.011795,ppo
85,-45.3938,-0.35464,-45.2667,-43.5202,1.069,0.00145,3.86739,0.013241,0.009245,ppo
86,-44.2449,-0.34566,-45.1815,-43.5202,1.06722,0.00167,3.70012,0.006552,0.008164,ppo
87,-43.5358,-0.34012,-45.1822,-43.5202,1.06828,0.00158,3.58598,0.006787,0.008146,ppo
88,-45.0028,-0.35158,-45.1332,-43.5202,1.06755,0.00172,3.81754,0.006298,0.008661,ppo
89,-45.9762,-0.35919,-45.1324,-43.5202,1.06873,0.00185,3.96455,0.00663,0.011395,ppo
90,-45.8211,-0.35798,-45.1287,-43.5202,1.0678,0.00171,3.94204,0.007529,0.012189,ppo
91,-44.0879,-0.34444,-45.0405,-43.5202,1.06723,0.00165,3.67559,0.006565,0.008116,ppo
92,-44.6992,-0.34921,-45.072,-43.5202,1.06841,0.00149,3.76088,0.013116,0.008826,ppo
93,-44.1435,-0.34487,-44.9791,-43.5202,1.06718,0.00166,3.68441,0.00656,0.008136,ppo
94,-43.9883,-0.34366,-44.9591,-43.5202,1.0672,0.00165,3.66012,0.00658,0.008092,ppo
95,-44.1891,-0.34523,-44.8777,-43.5202,1.06847,0.00153,3.68137,0.012839,0.008473,ppo
96,-45.9185,-0.35874,-44.8885,-43.5202,1.06893,0.00188,3.95462,0.006665,0.01203,ppo
97,-43.5939,-0.34058,-44.7707,-43.5202,1.06863,0.00157,3.59399,0.006833,0.00818,ppo
98,-45.8253,-0.35801,-44.7652,-43.5202,1.06832,0.00191,3.94162,0.00669,0.01255,ppo
99,-46.0371,-0.35966,-44.8676,-43.5202,1.06726,0.00148,3.97772,0.008042,0.010675,ppo
100,-45.8976,-0.35857,-44.8738,-43.5202,1.06909,0.00189,3.95078,0.006673,0.012225,ppo
101,-45.9622,-0.35908,-44.9959,-43.5202,1.06871,0.00186,3.96234,0.006643,0.011595,ppo
102,-45.6795,-0.35687,-44.988,-43.5202,1.06762,0.00143,3.91592,0.01344,0.00945,ppo
103,-46.0015,-0.35939,-45.0931,-43.5202,1.06885,0.00183,3.9684,0.006588,0.010921,ppo
104,-45.9762,-0.35919,-45.0987,-43.5202,1.06873,0.00185,3.96455,0.00663,0.011395,ppo
105,-44.6058,-0.34848,-45.0593,-43.5202,1.06805,0.0015,3.74744,0.013065,0.008768,ppo
106,-45.842,-0.35814,-45.1392,-43.5202,1.06806,0.00178,3.94655,0.00642,0.009672,ppo
107,-45.7362,-0.35731,-45.2492,-43.5202,1.06757,0.00192,3.92976,0.006744,0.012896,ppo
108,-43.7668,-0.34193,-45.1874,-43.5202,1.06824,0.00156,3.62205,0.006928,0.008275,ppo
109,-44.6992,-0.34921,-45.1235,-43.5202,1.06841,0.00149,3.76088,0.013116,0.008826,ppo
110,-45.0889,-0.35226,-45.0869,-43.5202,1.06743,0.00173,3.83132,0.006307,0.008752,ppo
111,-44.2449,-0.34566,-45.0948,-43.5202,1.06722,0.00167,3.70012,0.006552,0.008164,ppo
112,-43.5702,-0.34039,-45.0383,-43.5202,1.06832,0.00158,3.59123,0.00682,0.00817,ppo
113,-46.0009,-0.35938,-45.1312,-43.5202,1.06739,0.00151,3.97161,0.007994,0.010883,ppo
114,-45.9755,-0.35918,-45.2306,-43.5202,1.0689,0.00186,3.9639,0.006635,0.011461,ppo
115,-45.8629,-0.3583,-45.3143,-43.5202,1.06847,0.0019,3.94716,0.006679,0.012332,ppo
116,-45.9744,-0.35917,-45.317,-43.5202,1.06799,0.0018,3.96725,0.006475,0.010039,ppo
117,-44.0841,-0.34441,-45.3416,-43.5202,1.06863,0.00154,3.66455,0.012792,0.008413,ppo
118,-45.8815,-0.35845,-45.3444,-43.5202,1.06872,0.00189,3.94935,0.006675,0.012259,ppo
119,-43.7171,-0.34154,-45.2284,-43.5202,1.06784,0.00162,3.61577,0.006645,0.008078,ppo
120,-45.8256,-0.35801,-45.2248,-43.5202,1.06731,0.00169,3.94422,0.007581,0.012094,ppo
121,-45.7653,-0.35754,-45.2149,-43.5202,1.06784,0.00184,3.93331,0.007062,0.012751,ppo
122,-45.7726,-0.3576,-45.2196,-43.5202,1.06796,0.00183,3.93404,0.007121,0.012707,ppo
123,-45.8472,-0.35818,-45.2119,-43.5202,1.06766,0.00142,3.94185,0.013544,0.009562,ppo
124,-43.9724,-0.34353,-45.1117,-43.5202,1.0683,0.00154,3.64815,0.012738,0.008353,ppo
125,-45.8142,-0.35792,-45.1721,-43.5202,1.06854,0.00174,3.93874,0.00744,0.012346,ppo
126,-46.0549,-0.3598,-45.1827,-43.5202,1.06777,0.0014,3.97376,0.013704,0.009718,ppo
127,-45.7949,-0.35777,-45.1857,-43.5202,1.06815,0.00177,3.9369,0.007335,0.012501,ppo
128,-43.6444,-0.34097,-45.1796,-43.5202,1.06814,0.00162,3.60348,0.006671,0.008092,ppo
129,-44.4756,-0.34747,-45.1684,-43.5202,1.06829,0.00168,3.73317,0.006265,0.008273,ppo
130,-43.58,-0.34047,-45.0929,-43.5202,1.06836,0.00158,3.59262,0.006827,0.008171,ppo
131,-45.7534,-0.35745,-45.1684,-43.5202,1.06825,0.00142,3.92552,0.013479,0.00949,ppo
132,-44.1641,-0.34503,-45.198,-43.5202,1.06838,0.00153,3.67778,0.012829,0.008457,ppo
133,-45.954,-0.35902,-45.1957,-43.5202,1.0667,0.00154,3.96629,0.007949,0.011082,ppo
134,-46.0544,-0.3598,-45.1997,-43.5202,1.06714,0.00147,3.98084,0.008059,0.010564,ppo
135,-45.9942,-0.35933,-45.2062,-43.5202,1.06784,0.0018,3.97071,0.006501,0.010203,ppo
136,-45.896,-0.35856,-45.2023,-43.5202,1.06776,0.00162,3.95392,0.007772,0.01166,ppo
137,-45.771,-0.35759,-45.2866,-43.5202,1.06808,0.00192,3.93372,0.006702,0.012797,ppo
138,-43.6444,-0.34097,-45.1748,-43.5202,1.06814,0.00162,3.60348,0.006671,0.008092,ppo
139,-44.1641,-0.34503,-45.1971,-43.5202,1.06838,0.00153,3.67778,0.012829,0.008457,ppo
140,-45.959,-0.35905,-45.2038,-43.5202,1.06918,0.00187,3.96032,0.006655,0.011743,ppo
141,-45.4869,-0.35537,-45.1899,-43.5202,1.06747,0.00176,3.89314,0.006351,0.009188,ppo
142,-44.402,-0.34689,-45.1214,-43.5202,1.06772,0.00168,3.72342,0.006265,0.00824,ppo
143,-45.897,-0.35857,-45.1238,-43.5202,1.06735,0.0016,3.95532,0.007813,0.011546,ppo
144,-45.9569,-0.35904,-45.2231,-43.5202,1.06656,0.00153,3.96718,0.007956,0.011046,ppo
145,-45.9678,-0.35912,-45.2307,-43.5202,1.06876,0.00186,3.96309,0.006639,0.011527,ppo
146,-45.0464,-0.35192,-45.1803,-43.5202,1.06774,0.00172,3.82377,0.006303,0.008707,ppo
147,-44.9158,-0.3509,-45.1364,-43.5202,1.06847,0.00148,3.79437,0.013239,0.008969,ppo
148,-43.6076,-0.34068,-45.1345,-43.5202,1.06861,0.00157,3.59619,0.006841,0.008186,ppo
149,-44.9537,-0.3512,-45.1584,-43.5202,1.06845,0.00147,3.80062,0.012978,0.009,ppo
150,-43.752,-0.34181,-45.167,-43.5202,1.0685,0.00156,3.61899,0.006919,0.008266,ppo
151,-45.755,-0.35746,-45.1671,-43.5202,1.06818,0.00189,3.93077,0.006873,0.012854,ppo
152,-45.9845,-0.35925,-45.2581,-43.5202,1.06817,0.0018,3.96825,0.006485,0.010096,ppo
153,-45.8734,-0.35839,-45.2541,-43.5202,1.06834,0.00179,3.95057,0.00643,0.009731,ppo
154,-43.6239,-0.34081,-45.1326,-43.5202,1.06854,0.00157,3.5989,0.00685,0.008197,ppo
155,-45.7591,-0.35749,-45.1208,-43.5202,1.06838,0.00188,3.93083,0.00689,0.012841,ppo
156,-46.008,-0.35944,-45.1264,-43.5202,1.06803,0.00182,3.97211,0.006542,0.010517,ppo
157,-44.7436,-0.34956,-45.075,-43.5202,1.06784,0.0017,3.77629,0.00628,0.008451,ppo
158,-45.9152,-0.35871,-45.1886,-43.5202,1.06684,0.00157,3.95974,0.007879,0.011336,ppo
159,-46.0058,-0.35942,-45.2807,-43.5202,1.06791,0.00182,3.97212,0.006538,0.010484,ppo
160,-44.4563,-0.34732,-45.2055,-43.5202,1.0682,0.00168,3.73044,0.006264,0.008262,ppo
161,-44.0696,-0.34429,-45.1347,-43.5202,1.06721,0.00165,3.67276,0.006568,0.008115,ppo
162,-44.0841,-0.34441,-45.1188,-43.5202,1.06863,0.00154,3.66455,0.012792,0.008413,ppo
163,-44.9687,-0.35132,-45.0724,-43.5202,1.06818,0.00147,3.80374,0.01299,0.009015,ppo
164,-45.5902,-0.35617,-45.054,-43.5202,1.06758,0.00177,3.90887,0.006366,0.009316,ppo
165,-45.4306,-0.35493,-45.0272,-43.5202,1.06789,0.00175,3.88312,0.006341,0.009108,ppo
166,-45.49,-0.35539,-45.0494,-43.5202,1.06864,0.00144,3.88341,0.01331,0.009315,ppo
167,-45.7664,-0.35755,-45.0919,-43.5202,1.06836,0.00187,3.93198,0.006955,0.012814,ppo
168,-45.9319,-0.35884,-45.2081,-43.5202,1.06794,0.00141,3.95418,0.013598,0.009616,ppo
169,-45.8524,-0.35822,-45.253,-43.5202,1.06743,0.00165,3.94806,0.007686,0.01187,ppo
170,-45.2781,-0.35374,-45.3293,-43.5202,1.06866,0.00145,3.85044,0.013173,0.009189,ppo
171,-44.7925,-0.34994,-45.2812,-43.5202,1.06782,0.00149,3.77714,0.013177,0.008897,ppo
172,-45.9818,-0.35923,-45.2811,-43.5202,1.06891,0.00185,3.96496,0.006617,0.011253,ppo
173,-44.7365,-0.3495,-45.2242,-43.5202,1.06825,0.00149,3.76716,0.01314,0.008851,ppo
174,-45.775,-0.35762,-45.3318,-43.5202,1.06739,0.0018,3.93609,0.007236,0.012606,ppo
175,-45.9058,-0.35864,-45.3391,-43.5202,1.06908,0.00189,3.9521,0.006672,0.012195,ppo
176,-44.7044,-0.34925,-45.2739,-43.5202,1.06871,0.0017,3.76761,0.006279,0.008404,ppo
177,-46.0098,-0.35945,-45.3373,-43.5202,1.06861,0.00182,3.9705,0.006567,0.010724,ppo
178,-45.7767,-0.35763,-45.3303,-43.5202,1.06842,0.00142,3.92865,0.013494,0.009504,ppo
179,-44.3125,-0.34619,-45.2457,-43.5202,1.06778,0.00167,3.70901,0.00655,0.008187,ppo
180,-44.2704,-0.34586,-45.2364,-43.5202,1.06741,0.00167,3.70352,0.006551,0.008175,ppo
181,-46.0098,-0.35945,-45.3334,-43.5202,1.06861,0.00182,3.9705,0.006567,0.010724,ppo
182,-45.148,-0.35272,-45.3866,-43.5202,1.06741,0.00173,3.84058,0.006312,0.008806,ppo
183,-45.7874,-0.35771,-45.4275,-43.5202,1.06787,0.00178,3.93864,0.006406,0.00959,ppo
184,-43.7178,-0.34154,-45.3339,-43.5202,1.06852,0.00156,3.61358,0.006901,0.008252,ppo
185,-46.1996,-0.36093,-45.3723,-43.5202,1.06815,0.0014,3.99495,0.013889,0.009994,ppo
186,-45.9548,-0.35902,-45.3956,-43.5202,1.06784,0.0018,3.96466,0.006466,0.009975,ppo
187,-45.8524,-0.35822,-45.3999,-43.5202,1.06743,0.00165,3.94806,0.007686,0.01187,ppo
188,-46.0544,-0.3598,-45.406,-43.5202,1.06714,0.00147,3.98084,0.008059,0.010564,ppo
189,-46.179,-0.36077,-45.4223,-43.5202,1.06827,0.0014,3.99148,0.013832,0.009849,ppo
190,-45.9058,-0.35864,-45.4537,-43.5202,1.06908,0.00189,3.9521,0.006672,0.012195,ppo
191,-45.756,-0.35747,-45.5019,-43.5202,1.06802,0.00192,3.93156,0.006707,0.01285,ppo
192,-45.2465,-0.35349,-45.4651,-43.5202,1.06913,0.00146,3.8441,0.013149,0.009171,ppo
193,-45.8976,-0.35857,-45.5232,-43.5202,1.06909,0.00189,3.95078,0.006673,0.012225,ppo
194,-45.8946,-0.35855,-45.5292,-43.5202,1.06699,0.0016,3.95604,0.007822,0.011516,ppo
195,-45.8562,-0.35825,-45.5267,-43.5202,1.0681,0.00179,3.94864,0.006426,0.009705,ppo
196,-45.766,-0.35755,-45.5798,-43.5202,1.06861,0.00188,3.93119,0.006923,0.012828,ppo
197,-43.5939,-0.34058,-45.459,-43.5202,1.06863,0.00157,3.59399,0.006833,0.00818,ppo
198,-45.7653,-0.35754,-45.4584,-43.5202,1.06784,0.00184,3.93331,0.007062,0.012751,ppo
199,-45.972,-0.35916,-45.5414,-43.5202,1.06876,0.00186,3.96377,0.006636,0.011493,ppo
200,-43.8617,-0.34267,-45.5209,-43.5202,1.06773,0.00164,3.63873,0.006604,0.008076,ppo
201,-45.2663,-0.35364,-45.4838,-43.5202,1.06911,0.00146,3.84723,0.013163,0.009182,ppo
202,-43.5233,-0.34003,-45.4025,-43.5202,1.06791,0.0016,3.5852,0.006735,0.008113,ppo
203,-44.8079,-0.35006,-45.3536,-43.5202,1.06783,0.00171,3.78635,0.006284,0.008501,ppo
204,-44.7554,-0.34965,-45.4054,-43.5202,1.06819,0.00149,3.77028,0.013152,0.008865,ppo
205,-45.0028,-0.35158,-45.3456,-43.5202,1.06755,0.00172,3.81754,0.006298,0.008661,ppo
206,-46.2014,-0.36095,-45.3579,-43.5202,1.06826,0.0014,3.99496,0.013876,0.00989,ppo
207,-46.1067,-0.36021,-45.3706,-43.5202,1.06815,0.00144,3.98603,0.0081,0.010348,ppo
208,-45.756,-0.35747,-45.3557,-43.5202,1.06802,0.00192,3.93156,0.006707,0.01285,ppo
209,-45.896,-0.35856,-45.3416,-43.5202,1.06776,0.00162,3.95392,0.007772,0.01166,ppo
210,-45.7616,-0.35751,-45.3344,-43.5202,1.06795,0.00192,3.93263,0.006706,0.012824,ppo
211,-43.6239,-0.34081,-45.2277,-43.5202,1.06854,0.00157,3.5989,0.00685,0.008197,ppo
212,-46.1996,-0.36093,-45.2754,-43.5202,1.06815,0.0014,3.99495,0.013889,0.009994,ppo
213,-45.5061,-0.35552,-45.2558,-43.5202,1.06731,0.00176,3.89659,0.006353,0.009211,ppo
214,-45.7678,-0.35756,-45.2495,-43.5202,1.06812,0.00185,3.93289,0.007015,0.012775,ppo
215,-44.5314,-0.3479,-45.1833,-43.5202,1.06844,0.0015,3.73469,0.013021,0.008705,ppo
216,-45.5661,-0.35599,-45.1733,-43.5202,1.06737,0.00177,3.90573,0.006363,0.009292,ppo
217,-45.954,-0.35902,-45.2913,-43.5202,1.0667,0.00154,3.96629,0.007949,0.011082,ppo
218,-45.3285,-0.35413,-45.2694,-43.5202,1.06898,0.00145,3.85731,0.0132,0.009211,ppo
219,-45.8734,-0.35839,-45.2645,-43.5202,1.06738,0.00163,3.95149,0.007743,0.011747,ppo
220,-45.9815,-0.35923,-45.3705,-43.5202,1.06874,0.00185,3.96545,0.006615,0.011222,ppo
221,-43.5364,-0.34013,-45.284,-43.5202,1.06813,0.0016,3.58662,0.006722,0.008105,ppo
222,-45.8223,-0.35799,-45.3989,-43.5202,1.06728,0.00169,3.94377,0.007569,0.012116,ppo
223,-45.9755,-0.35918,-45.4573,-43.5202,1.0689,0.00186,3.9639,0.006635,0.011461,ppo
224,-45.5661,-0.35599,-45.4979,-43.5202,1.06737,0.00177,3.90573,0.006363,0.009292,ppo
225,-46.0015,-0.35939,-45.5478,-43.5202,1.06885,0.00183,3.9684,0.006588,0.010921,ppo
226,-44.3133,-0.3462,-45.4534,-43.5202,1.06833,0.00152,3.70113,0.012905,0.008562,ppo
227,-44.7925,-0.34994,-45.3877,-43.5202,1.06782,0.00149,3.77714,0.013177,0.008897,ppo
228,-44.1886,-0.34522,-45.3093,-43.5202,1.06741,0.00166,3.69074,0.006557,0.008144,ppo
229,-45.7678,-0.35756,-45.3029,-43.5202,1.06812,0.00185,3.93289,0.007015,0.012775,ppo
230,-44.7185,-0.34936,-45.2507,-43.5202,1.06837,0.00149,3.76401,0.013127,0.008839,ppo
231,-45.881,-0.35845,-45.3636,-43.5202,1.06823,0.00179,3.95209,0.006435,0.009761,ppo
232,-46.1067,-0.36021,-45.3589,-43.5202,1.06815,0.00144,3.98603,0.0081,0.010348,ppo
233,-45.7777,-0.35764,-45.3725,-43.5202,1.068,0.00182,3.93474,0.007136,0.012692,ppo
234,-45.9918,-0.35931,-45.3837,-43.5202,1.06708,0.00151,3.9711,0.007987,0.010916,ppo
235,-45.8012,-0.35782,-45.4472,-43.5202,1.06769,0.00178,3.94133,0.006409,0.009613,ppo
236,-45.9733,-0.35917,-45.4676,-43.5202,1.06672,0.00152,3.96927,0.007971,0.010981,ppo
237,-46.2063,-0.36099,-45.4802,-43.5202,1.0683,0.00139,3.99557,0.013888,0.009899,ppo
238,-46.0082,-0.35944,-45.5142,-43.5202,1.06853,0.00183,3.9705,0.006572,0.010758,ppo
239,-43.7029,-0.34143,-45.4057,-43.5202,1.06814,0.00162,3.61267,0.006649,0.008076,ppo
240,-45.3862,-0.35458,-45.3759,-43.5202,1.06762,0.00175,3.87703,0.006336,0.009058,ppo
241,-46.1397,-0.36047,-45.5061,-43.5202,1.06797,0.0014,3.98631,0.013786,0.009802,ppo
242,-45.2663,-0.35364,-45.4783,-43.5202,1.06911,0.00146,3.84723,0.013163,0.009182,ppo
243,-46.0082,-0.35944,-45.4799,-43.5202,1.06729,0.0015,3.97307,0.00801,0.01081,ppo
244,-44.0696,-0.34429,-45.4051,-43.5202,1.06721,0.00165,3.67276,0.006568,0.008115,ppo
245,-45.8995,-0.35859,-45.4,-43.5202,1.06762,0.00161,3.95487,0.007783,0.011631,ppo
246,-45.8282,-0.35803,-45.4757,-43.5202,1.06842,0.00172,3.9413,0.007504,0.012233,ppo
247,-45.7895,-0.35773,-45.5256,-43.5202,1.06787,0.00176,3.9369,0.007349,0.012481,ppo
248,-43.5901,-0.34055,-45.4956,-43.5202,1.06828,0.00161,3.59457,0.006695,0.008092,ppo
249,-43.8345,-0.34246,-45.399,-43.5202,1.06858,0.00155,3.63158,0.006951,0.008308,ppo
250,-45.8241,-0.358,-45.4542,-43.5202,1.06768,0.00142,3.93821,0.013531,0.009546,ppo
251,-43.8104,-0.34227,-45.3507,-43.5202,1.06835,0.00155,3.6285,0.006943,0.008299,ppo
252,-45.8995,-0.35859,-45.3404,-43.5202,1.06762,0.00161,3.95487,0.007783,0.011631,ppo
253,-45.9942,-0.35933,-45.3512,-43.5202,1.06784,0.0018,3.97071,0.006501,0.010203,ppo
254,-46.0742,-0.35995,-45.3553,-43.5202,1.06754,0.00146,3.98274,0.008073,0.010494,ppo
255,-45.6027,-0.35627,-45.3454,-43.5202,1.0681,0.00143,3.90253,0.013389,0.009401,ppo
256,-45.538,-0.35577,-45.3236,-43.5202,1.068,0.00144,3.89279,0.013351,0.009358,ppo
257,-45.7435,-0.35737,-45.3005,-43.5202,1.06792,0.00191,3.92984,0.006761,0.012895,ppo
258,-45.3372,-0.3542,-45.2669,-43.5202,1.06743,0.00175,3.86998,0.006332,0.00901,ppo
259,-45.7975,-0.35779,-45.3717,-43.5202,1.06801,0.00175,3.93774,0.007399,0.012404,ppo
260,-45.7041,-0.35706,-45.3876,-43.5202,1.0678,0.00143,3.91921,0.013455,0.009463,ppo
261,-45.7659,-0.35755,-45.3689,-43.5202,1.06823,0.00186,3.93225,0.007001,0.012788,ppo
262,-45.8248,-0.35801,-45.3968,-43.5202,1.06785,0.00178,3.94451,0.006415,0.009639,ppo
263,-45.7604,-0.3575,-45.3844,-43.5202,1.06759,0.00185,3.93331,0.007045,0.01276,ppo
264,-45.1051,-0.35238,-45.4362,-43.5202,1.06856,0.00146,3.82383,0.013064,0.009092,ppo
265,-45.0827,-0.35221,-45.3953,-43.5202,1.06849,0.00147,3.82057,0.013052,0.009081,ppo
266,-45.9419,-0.35892,-45.401,-43.5202,1.0689,0.00187,3.95846,0.006659,0.011815,ppo
267,-45.241,-0.35344,-45.3736,-43.5202,1.06773,0.00174,3.8541,0.00632,0.008897,ppo
268,-46.0742,-0.35995,-45.4978,-43.5202,1.06754,0.00146,3.98274,0.008073,0.010494,ppo
269,-45.939,-0.3589,-45.603,-43.5202,1.06815,0.00179,3.96132,0.006454,0.009906,ppo
270,-44.6817,-0.34908,-45.5459,-43.5202,1.0686,0.00149,3.75758,0.013104,0.008814,ppo
271,-43.6076,-0.34068,-45.5358,-43.5202,1.06861,0.00157,3.59619,0.006841,0.008186,ppo
272,-45.7874,-0.35771,-45.5302,-43.5202,1.06787,0.00178,3.93864,0.006406,0.00959,ppo
273,-45.8785,-0.35843,-45.5244,-43.5202,1.06744,0.00163,3.95212,0.007752,0.011719,ppo
274,-46.0014,-0.35939,-45.5207,-43.5202,1.06875,0.00183,3.96868,0.006584,0.01089,ppo
275,-44.7044,-0.34925,-45.4758,-43.5202,1.06871,0.0017,3.76761,0.006279,0.008404,ppo
276,-46.1756,-0.36075,-45.5077,-43.5202,1.06808,0.00142,3.99134,0.013872,0.010146,ppo
277,-44.1641,-0.34503,-45.4287,-43.5202,1.06838,0.00153,3.67778,0.012829,0.008457,ppo
278,-46.0082,-0.35944,-45.4623,-43.5202,1.06729,0.0015,3.97307,0.00801,0.01081,ppo
279,-45.881,-0.35845,-45.4665,-43.5202,1.06823,0.00179,3.95209,0.006435,0.009761,ppo
280,-45.7664,-0.35755,-45.4696,-43.5202,1.06836,0.00187,3.93198,0.006955,0.012814,ppo
281,-45.7362,-0.35731,-45.4681,-43.5202,1.06757,0.00192,3.92976,0.006744,0.012896,ppo
282,-45.8574,-0.35826,-45.4697,-43.5202,1.06841,0.0019,3.94648,0.006681,0.012363,ppo
283,-44.2933,-0.34604,-45.3964,-43.5202,1.06834,0.00152,3.69797,0.012893,0.008546,ppo
284,-45.7877,-0.35772,-45.4305,-43.5202,1.06834,0.00192,3.9356,0.006699,0.01273,ppo
285,-43.6139,-0.34073,-45.357,-43.5202,1.06802,0.00161,3.59907,0.006684,0.008097,ppo
286,-44.4563,-0.34732,-45.2828,-43.5202,1.0682,0.00168,3.73044,0.006264,0.008262,ppo
287,-45.9185,-0.35874,-45.3166,-43.5202,1.06893,0.00188,3.95462,0.006665,0.01203,ppo
288,-45.955,-0.35902,-45.3107,-43.5202,1.06854,0.00186,3.9617,0.006645,0.011631,ppo
289,-44.1886,-0.34522,-45.2232,-43.5202,1.06741,0.00166,3.69074,0.006557,0.008144,ppo
290,-44.8446,-0.35035,-45.2313,-43.5202,1.06775,0.00171,3.79232,0.006287,0.008522,ppo
291,-45.9199,-0.35875,-45.3469,-43.5202,1.06687,0.00157,3.96038,0.007889,0.011305,ppo
292,-45.6745,-0.35683,-45.3413,-43.5202,1.06779,0.00177,3.92134,0.006382,0.009422,ppo
293,-44.9831,-0.35143,-45.2965,-43.5202,1.06749,0.00172,3.81466,0.006298,0.008643,ppo
294,-45.1795,-0.35296,-45.2554,-43.5202,1.06898,0.00146,3.83413,0.013108,0.009131,ppo
295,-43.752,-0.34181,-45.2078,-43.5202,1.0685,0.00156,3.61899,0.006919,0.008266,ppo
296,-44.014,-0.34386,-45.0997,-43.5202,1.06846,0.00154,3.65417,0.012761,0.008376,ppo
297,-45.7767,-0.35763,-45.1804,-43.5202,1.06842,0.00142,3.92865,0.013494,0.009504,ppo
298,-43.8432,-0.34252,-45.0721,-43.5202,1.06778,0.00163,3.63569,0.006608,0.008075,ppo
299,-46.124,-0.36034,-45.0842,-43.5202,1.06772,0.0014,3.98462,0.013774,0.009789,ppo
300,-46.0138,-0.35948,-45.0966,-43.5202,1.06856,0.00182,3.97137,0.006549,0.010585,ppo
301,-45.9548,-0.35902,-45.1076,-43.5202,1.06784,0.0018,3.96466,0.006466,0.009975,ppo
302,-43.9724,-0.34353,-45.0133,-43.5202,1.0683,0.00154,3.64815,0.012738,0.008353,ppo
303,-46.0138,-0.35948,-45.0993,-43.5202,1.06856,0.00182,3.97137,0.006549,0.010585,ppo
304,-44.0841,-0.34441,-45.0141,-43.5202,1.06863,0.00154,3.66455,0.012792,0.008413,ppo
305,-46.1874,-0.36084,-45.1428,-43.5202,1.06806,0.0014,3.9934,0.013854,0.009871,ppo
306,-45.6795,-0.35687,-45.204,-43.5202,1.06762,0.00143,3.91592,0.01344,0.00945,ppo
307,-45.805,-0.35785,-45.1983,-43.5202,1.06827,0.00191,3.93856,0.006694,0.012646,ppo
308,-45.9795,-0.35921,-45.1995,-43.5202,1.06893,0.00185,3.96451,0.006624,0.011321,ppo
309,-45.808,-0.35787,-45.2805,-43.5202,1.06789,0.00142,3.93508,0.013517,0.009531,ppo
310,-43.9724,-0.34353,-45.2369,-43.5202,1.0683,0.00154,3.64815,0.012738,0.008353,ppo
311,-45.729,-0.35726,-45.2273,-43.5202,1.06805,0.00142,3.92233,0.013469,0.009479,ppo
312,-45.9289,-0.35882,-45.24,-43.5202,1.06653,0.00155,3.96285,0.007912,0.011213,ppo
313,-46.0549,-0.3598,-45.2936,-43.5202,1.06777,0.0014,3.97376,0.013704,0.009718,ppo
314,-45.8524,-0.35822,-45.3273,-43.5202,1.06743,0.00165,3.94806,0.007686,0.01187,ppo
315,-43.7735,-0.34198,-45.3284,-43.5202,1.06786,0.00163,3.62455,0.006629,0.008072,ppo
316,-45.6795,-0.35687,-45.4116,-43.5202,1.06762,0.00143,3.91592,0.01344,0.00945,ppo
317,-45.6474,-0.35662,-45.4052,-43.5202,1.06747,0.00177,3.91809,0.006377,0.009398,ppo
318,-43.8623,-0.34267,-45.4061,-43.5202,1.06885,0.00155,3.63509,0.00696,0.008323,ppo
319,-43.5358,-0.34012,-45.2767,-43.5202,1.06828,0.00158,3.58598,0.006787,0.008146,ppo
320,-45.922,-0.35877,-45.2721,-43.5202,1.0687,0.00188,3.95587,0.006664,0.011995,ppo
321,-45.3372,-0.3542,-45.2412,-43.5202,1.06743,0.00175,3.86998,0.006332,0.00901,ppo
322,-44.1482,-0.34491,-45.25,-43.5202,1.06859,0.00153,3.67465,0.012822,0.008448,ppo
323,-45.881,-0.35845,-45.2434,-43.5202,1.06823,0.00179,3.95209,0.006435,0.009761,ppo
324,-45.0337,-0.35183,-45.2909,-43.5202,1.06829,0.00147,3.81351,0.01303,0.009058,ppo
325,-45.7502,-0.35742,-45.269,-43.5202,1.06801,0.00192,3.93065,0.006709,0.012876,ppo
326,-46.0269,-0.35959,-45.2864,-43.5202,1.06711,0.00149,3.97655,0.008036,0.010709,ppo
327,-45.8984,-0.35858,-45.2911,-43.5202,1.0674,0.00161,3.95539,0.007802,0.011574,ppo
328,-45.9983,-0.35936,-45.292,-43.5202,1.06744,0.00181,3.9725,0.006511,0.010274,ppo
329,-46.0006,-0.35938,-45.3016,-43.5202,1.06744,0.00181,3.97278,0.006525,0.010381,ppo
330,-45.2156,-0.35325,-45.3638,-43.5202,1.0675,0.00174,3.85084,0.006318,0.008872,ppo
331,-43.7923,-0.34213,-45.267,-43.5202,1.06836,0.00156,3.62566,0.006933,0.008285,ppo
332,-45.7882,-0.35772,-45.2599,-43.5202,1.06833,0.00181,3.93536,0.007177,0.012657,ppo
333,-45.2156,-0.35325,-45.218,-43.5202,1.0675,0.00174,3.85084,0.006318,0.008872,ppo
334,-45.7895,-0.35773,-45.2148,-43.5202,1.06787,0.00176,3.9369,0.007349,0.012481,ppo
335,-44.5329,-0.34791,-45.2528,-43.5202,1.06788,0.00169,3.74337,0.006262,0.008304,ppo
336,-44.4138,-0.34698,-45.1895,-43.5202,1.06898,0.00151,3.71479,0.012951,0.008625,ppo
337,-45.4423,-0.35502,-45.1793,-43.5202,1.06838,0.00144,3.87676,0.013281,0.009285,ppo
338,-45.4241,-0.35488,-45.2573,-43.5202,1.06848,0.00144,3.87364,0.013269,0.009271,ppo
339,-45.9419,-0.35892,-45.3776,-43.5202,1.0689,0.00187,3.95846,0.006659,0.011815,ppo
340,-44.7639,-0.34972,-45.3197,-43.5202,1.06779,0.0017,3.77961,0.006283,0.008467,ppo
341,-43.9883,-0.34366,-45.2523,-43.5202,1.0672,0.00165,3.66012,0.00658,0.008092,ppo
342,-44.7044,-0.34925,-45.2801,-43.5202,1.06871,0.0017,3.76761,0.006279,0.008404,ppo
343,-44.5782,-0.34827,-45.215,-43.5202,1.06826,0.00169,3.74927,0.006265,0.008329,ppo
344,-45.148,-0.35272,-45.2207,-43.5202,1.06741,0.00173,3.84058,0.006312,0.008806,ppo
345,-45.8586,-0.35827,-45.2261,-43.5202,1.06725,0.00164,3.94958,0.00771,0.011823,ppo
346,-45.7362,-0.35731,-45.2116,-43.5202,1.06757,0.00192,3.92976,0.006744,0.012896,ppo
347,-45.8728,-0.35838,-45.2103,-43.5202,1.06796,0.00142,3.94493,0.013558,0.009577,ppo
348,-45.9074,-0.35865,-45.2057,-43.5202,1.06853,0.00188,3.95408,0.006666,0.012061,ppo
349,-45.9582,-0.35905,-45.2036,-43.5202,1.06901,0.00187,3.96075,0.006649,0.011704,ppo
350,-45.968,-0.35913,-45.2412,-43.5202,1.06892,0.00186,3.96263,0.00664,0.011563,ppo
351,-45.4101,-0.35477,-45.3221,-43.5202,1.06881,0.00144,3.87051,0.013255,0.009258,ppo
352,-45.7885,-0.35772,-45.3221,-43.5202,1.06792,0.00142,3.93196,0.013505,0.009516,ppo
353,-44.4954,-0.34762,-45.2861,-43.5202,1.06814,0.00168,3.73672,0.006264,0.008283,ppo
354,-45.7346,-0.3573,-45.2834,-43.5202,1.06754,0.00192,3.92961,0.006727,0.012901,ppo
355,-43.8432,-0.34252,-45.2489,-43.5202,1.06778,0.00163,3.63569,0.006608,0.008075,ppo
356,-45.7913,-0.35774,-45.3178,-43.5202,1.06807,0.00178,3.93657,0.007294,0.01255,ppo
357,-45.853,-0.35823,-45.3383,-43.5202,1.06716,0.00165,3.94896,0.007698,0.011848,ppo
358,-45.3068,-0.35396,-45.3324,-43.5202,1.06903,0.00145,3.85377,0.013187,0.009203,ppo
359,-43.7308,-0.34165,-45.2219,-43.5202,1.06828,0.00156,3.61631,0.006908,0.008257,ppo
360,-44.3882,-0.34678,-45.2031,-43.5202,1.06891,0.00151,3.71102,0.012939,0.008608,ppo
361,-44.4138,-0.34698,-45.2244,-43.5202,1.06898,0.00151,3.71479,0.012951,0.008625,ppo
362,-45.8562,-0.35825,-45.282,-43.5202,1.0681,0.00179,3.94864,0.006426,0.009705,ppo
363,-44.9428,-0.35112,-45.3002,-43.5202,1.06737,0.00172,3.80875,0.006295,0.008613,ppo
364,-44.9537,-0.3512,-45.2905,-43.5202,1.06845,0.00147,3.80062,0.012978,0.009,ppo
365,-44.7044,-0.34925,-45.2328,-43.5202,1.06871,0.0017,3.76761,0.006279,0.008404,ppo
366,-44.49,-0.34758,-45.1705,-43.5202,1.06845,0.00151,3.72825,0.012997,0.008676,ppo
367,-43.5358,-0.34012,-45.0536,-43.5202,1.06828,0.00158,3.58598,0.006787,0.008146,ppo
368,-45.0889,-0.35226,-45.0127,-43.5202,1.06743,0.00173,3.83132,0.006307,0.008752,ppo
369,-43.7308,-0.34165,-44.9013,-43.5202,1.06828,0.00156,3.61631,0.006908,0.008257,ppo
370,-45.8829,-0.35846,-44.8971,-43.5202,1.06743,0.00162,3.95286,0.007762,0.011689,ppo
371,-45.9918,-0.35931,-44.9261,-43.5202,1.06708,0.00151,3.9711,0.007987,0.010916,ppo
372,-45.6491,-0.35663,-44.9192,-43.5202,1.06828,0.00143,3.90922,0.013414,0.009423,ppo
373,-44.8879,-0.35069,-44.9388,-43.5202,1.06779,0.00171,3.79893,0.006291,0.008555,ppo
374,-45.7895,-0.35773,-44.9415,-43.5202,1.06787,0.00176,3.9369,0.007349,0.012481,ppo
375,-45.853,-0.35823,-45.042,-43.5202,1.06716,0.00165,3.94896,0.007698,0.011848,ppo
376,-45.8473,-0.35818,-45.0448,-43.5202,1.06744,0.00166,3.94724,0.007666,0.011921,ppo
377,-45.939,-0.3589,-45.0491,-43.5202,1.06815,0.00179,3.96132,0.006454,0.009906,ppo
378,-45.4101,-0.35477,-45.0543,-43.5202,1.06881,0.00144,3.87051,0.013255,0.009258,ppo
379,-45.9096,-0.35867,-45.1632,-43.5202,1.06789,0.00141,3.95087,0.013586,0.009605,ppo
380,-45.9579,-0.35905,-45.2417,-43.5202,1.06891,0.00186,3.96101,0.006647,0.01167,ppo
381,-45.881,-0.35845,-45.3151,-43.5202,1.06823,0.00179,3.95209,0.006435,0.009761,ppo
382,-45.8303,-0.35805,-45.3138,-43.5202,1.06802,0.0017,3.94281,0.007543,0.012162,ppo
383,-46.1622,-0.36064,-45.3748,-43.5202,1.06805,0.0014,3.98954,0.013811,0.009823,ppo
384,-46.1937,-0.36089,-45.4368,-43.5202,1.06815,0.00141,3.994,0.013887,0.010036,ppo
385,-45.4671,-0.35521,-45.4749,-43.5202,1.06854,0.00144,3.88018,0.013296,0.009298,ppo
386,-46.0046,-0.35941,-45.5506,-43.5202,1.0673,0.00151,3.97246,0.008004,0.010848,ppo
387,-45.7657,-0.35754,-45.6621,-43.5202,1.06844,0.00187,3.93164,0.00694,0.012821,ppo
388,-45.826,-0.35802,-45.699,-43.5202,1.06723,0.00168,3.94451,0.007619,0.012023,ppo
389,-43.8623,-0.34267,-45.7056,-43.5202,1.06885,0.00155,3.63509,0.00696,0.008323,ppo
390,-44.6539,-0.34886,-45.6441,-43.5202,1.06832,0.0015,3.75411,0.013091,0.008799,ppo
391,-44.5329,-0.34791,-45.5712,-43.5202,1.06788,0.00169,3.74337,0.006262,0.008304,ppo
392,-45.3372,-0.3542,-45.5556,-43.5202,1.06743,0.00175,3.86998,0.006332,0.00901,ppo
393,-45.2974,-0.35389,-45.576,-43.5202,1.06756,0.00174,3.86339,0.006327,0.008963,ppo
394,-44.1482,-0.34491,-45.494,-43.5202,1.06859,0.00153,3.67465,0.012822,0.008448,ppo
395,-45.8586,-0.35827,-45.4943,-43.5202,1.06725,0.00164,3.94958,0.00771,0.011823,ppo
396,-44.4756,-0.34747,-45.4257,-43.5202,1.06829,0.00168,3.73317,0.006265,0.008273,ppo
397,-45.9259,-0.3588,-45.425,-43.5202,1.06661,0.00156,3.96213,0.007905,0.011246,ppo
398,-45.808,-0.35787,-45.4449,-43.5202,1.06789,0.00142,3.93508,0.013517,0.009531,ppo
399,-44.6817,-0.34908,-45.3835,-43.5202,1.0686,0.00149,3.75758,0.013104,0.008814,ppo
400,-44.2449,-0.34566,-45.2979,-43.5202,1.06722,0.00167,3.70012,0.006552,0.008164,ppo
401,-46.2014,-0.36095,-45.3139,-43.5202,1.06826,0.0014,3.99496,0.013876,0.00989,ppo
402,-44.3508,-0.34649,-45.2399,-43.5202,1.06776,0.00167,3.71502,0.00655,0.008211,ppo
403,-43.6076,-0.34068,-45.1122,-43.5202,1.06861,0.00157,3.59619,0.006841,0.008186,ppo
404,-46.0046,-0.35941,-45.1027,-43.5202,1.0673,0.00151,3.97246,0.008004,0.010848,ppo
405,-45.7882,-0.35772,-45.1188,-43.5202,1.06833,0.00181,3.93536,0.007177,0.012657,ppo
406,-45.7882,-0.35772,-45.108,-43.5202,1.06833,0.00181,3.93536,0.007177,0.012657,ppo
407,-45.0028,-0.35158,-45.0698,-43.5202,1.06755,0.00172,3.81754,0.006298,0.008661,ppo
408,-43.5152,-0.33996,-44.9543,-43.5152,1.06809,0.00159,3.58337,0.006758,0.008123,ppo
409,-45.8402,-0.35813,-45.0532,-43.5152,1.06842,0.0019,3.9437,0.006685,0.012452,ppo
410,-46.1557,-0.36059,-45.1283,-43.5152,1.068,0.00144,3.98843,0.01386,0.010267,ppo
411,-45.7435,-0.35737,-45.1888,-43.5152,1.06792,0.00191,3.92984,0.006761,0.012895,ppo
412,-45.7882,-0.35772,-45.2113,-43.5152,1.06833,0.00181,3.93536,0.007177,0.012657,ppo
413,-45.9556,-0.35903,-45.2442,-43.5152,1.06756,0.0018,3.96561,0.00647,0.010004,ppo
414,-45.9348,-0.35887,-45.3336,-43.5152,1.06875,0.00187,3.95779,0.006661,0.011849,ppo
415,-45.771,-0.35759,-45.3292,-43.5152,1.06808,0.00192,3.93372,0.006702,0.012797,ppo
416,-45.3587,-0.35436,-45.3733,-43.5152,1.06745,0.00175,3.87324,0.006332,0.009033,ppo
417,-44.771,-0.34977,-45.3156,-43.5152,1.06787,0.00149,3.77366,0.013165,0.008881,ppo
418,-44.4138,-0.34698,-45.2459,-43.5152,1.06898,0.00151,3.71479,0.012951,0.008625,ppo
419,-43.525,-0.34004,-45.1881,-43.5152,1.06787,0.0016,3.58559,0.006731,0.008114,ppo
420,-44.111,-0.34462,-45.1814,-43.5152,1.06881,0.00153,3.6682,0.012802,0.008423,ppo
421,-46.1909,-0.36087,-45.1808,-43.5152,1.06823,0.00141,3.9933,0.013883,0.010073,ppo
422,-45.8241,-0.358,-45.2545,-43.5152,1.06768,0.00142,3.93821,0.013531,0.009546,ppo
423,-46.0021,-0.35939,-45.3742,-43.5152,1.06759,0.00181,3.97256,0.006529,0.010419,ppo
424,-45.7511,-0.35743,-45.3615,-43.5152,1.06824,0.00191,3.93004,0.006794,0.012885,ppo
425,-45.8973,-0.35857,-45.367,-43.5152,1.06836,0.00179,3.95425,0.006438,0.009788,ppo
426,-45.7885,-0.35772,-45.367,-43.5152,1.06792,0.00142,3.93196,0.013505,0.009516,ppo
427,-45.7591,-0.35749,-45.4048,-43.5152,1.06838,0.00188,3.93083,0.00689,0.012841,ppo
428,-43.6261,-0.34083,-45.4104,-43.5152,1.06792,0.00161,3.60128,0.006676,0.008094,ppo
429,-45.8241,-0.358,-45.4096,-43.5152,1.06768,0.00142,3.93821,0.013531,0.009546,ppo
430,-45.9096,-0.35867,-45.3973,-43.5152,1.06789,0.00141,3.95087,0.013586,0.009605,ppo
431,-46.008,-0.35944,-45.4105,-43.5152,1.06803,0.00182,3.97211,0.006542,0.010517,ppo
432,-45.2676,-0.35365,-45.3845,-43.5152,1.06803,0.00174,3.85734,0.006323,0.008917,ppo
433,-45.5268,-0.35568,-45.363,-43.5152,1.0675,0.00176,3.89927,0.006356,0.009235,ppo
434,-45.9733,-0.35917,-45.3649,-43.5152,1.06672,0.00152,3.96927,0.007971,0.010981,ppo
435,-45.8352,-0.35809,-45.3682,-43.5152,1.06731,0.00167,3.94571,0.007645,0.011976,ppo
436,-45.8012,-0.35782,-45.3903,-43.5152,1.06769,0.00178,3.94133,0.006409,0.009613,ppo
437,-44.7554,-0.34965,-45.3895,-43.5152,1.06819,0.00149,3.77028,0.013152,0.008865,ppo
438,-45.8241,-0.358,-45.46,-43.5152,1.06768,0.00142,3.93821,0.013531,0.009546,ppo
439,-46.1614,-0.36064,-45.5918,-43.5152,1.06792,0.00143,3.98958,0.013865,0.010227,ppo
440,-45.5902,-0.35617,-45.6658,-43.5152,1.06758,0.00177,3.90887,0.006366,0.009316,ppo
441,-45.5797,-0.35609,-45.6352,-43.5152,1.06807,0.00143,3.89904,0.013374,0.009384,ppo
442,-45.8264,-0.35802,-45.6354,-43.5152,1.06709,0.00167,3.94501,0.007632,0.011999,ppo
443,-44.4511,-0.34727,-45.5578,-43.5152,1.06871,0.00151,3.72142,0.012972,0.00865,ppo
444,-45.7041,-0.35706,-45.5555,-43.5152,1.0678,0.00143,3.91921,0.013455,0.009463,ppo
445,-46.009,-0.35945,-45.561,-43.5152,1.06858,0.00182,3.9705,0.006563,0.010686,ppo
446,-45.729,-0.35726,-45.5581,-43.5152,1.06805,0.00142,3.92233,0.013469,0.009479,ppo
447,-45.9081,-0.35866,-45.5655,-43.5152,1.06858,0.00188,3.954,0.006669,0.012096,ppo
448,-45.853,-0.35823,-45.6769,-43.5152,1.06716,0.00165,3.94896,0.007698,0.011848,ppo
449,-43.8806,-0.34282,-45.5797,-43.5152,1.06866,0.00155,3.63852,0.006967,0.008331,ppo
450,-44.4954,-0.34762,-45.509,-43.5152,1.06814,0.00168,3.73672,0.006264,0.008283,ppo
451,-45.1795,-0.35296,-45.4676,-43.5152,1.06898,0.00146,3.83413,0.013108,0.009131,ppo
452,-46.0544,-0.3598,-45.5069,-43.5152,1.06714,0.00147,3.98084,0.008059,0.010564,ppo
453,-45.8973,-0.35857,-45.5254,-43.5152,1.06675,0.00159,3.9572,0.007839,0.011452,ppo
454,-46.0009,-0.35938,-45.5268,-43.5152,1.0678,0.00181,3.97182,0.006506,0.010238,ppo
455,-43.752,-0.34181,-45.4226,-43.5152,1.0685,0.00156,3.61899,0.006919,0.008266,ppo
456,-46.0021,-0.35939,-45.4327,-43.5152,1.06759,0.00181,3.97256,0.006529,0.010419,ppo
457,-46.009,-0.35945,-45.4954,-43.5152,1.06858,0.00182,3.9705,0.006563,0.010686,ppo
458,-46.0013,-0.35939,-45.5042,-43.5152,1.06808,0.00141,3.96454,0.013652,0.009669,ppo
459,-45.9907,-0.3593,-45.4957,-43.5152,1.06875,0.00184,3.96691,0.006605,0.011114,ppo
460,-45.5797,-0.35609,-45.4952,-43.5152,1.06807,0.00143,3.89904,0.013374,0.009384,ppo
461,-44.6543,-0.34886,-45.4489,-43.5152,1.06837,0.00169,3.76082,0.006273,0.008372,ppo
462,-45.9502,-0.35899,-45.4551,-43.5152,1.06914,0.00187,3.95904,0.006657,0.011783,ppo
463,-46.0058,-0.35942,-45.5328,-43.5152,1.06791,0.00182,3.97212,0.006538,0.010484,ppo
464,-45.9924,-0.35932,-45.5472,-43.5152,1.06792,0.0018,3.9702,0.006496,0.010165,ppo
465,-45.7344,-0.3573,-45.5335,-43.5152,1.06797,0.00178,3.93012,0.006392,0.009502,ppo
466,-43.6444,-0.34097,-45.4293,-43.5152,1.06814,0.00162,3.60348,0.006671,0.008092,ppo
467,-46.0269,-0.35959,-45.4352,-43.5152,1.06711,0.00149,3.97655,0.008036,0.010709,ppo
468,-43.632,-0.34087,-45.3242,-43.5152,1.06819,0.00157,3.60121,0.00686,0.008202,ppo
469,-44.2501,-0.3457,-45.3426,-43.5152,1.0682,0.00152,3.69168,0.012871,0.00852,ppo
470,-45.922,-0.35877,-45.414,-43.5152,1.0687,0.00188,3.95587,0.006664,0.011995,ppo
471,-45.7817,-0.35767,-45.4441,-43.5152,1.06831,0.00192,3.93474,0.0067,0.012767,ppo
472,-43.6261,-0.34083,-45.3227,-43.5152,1.06792,0.00161,3.60128,0.006676,0.008094,ppo
473,-43.8345,-0.34246,-45.2195,-43.5152,1.06858,0.00155,3.63158,0.006951,0.008308,ppo
474,-43.6076,-0.34068,-45.0999,-43.5152,1.06861,0.00157,3.59619,0.006841,0.008186,ppo
475,-44.402,-0.34689,-45.1324,-43.5152,1.06772,0.00168,3.72342,0.006265,0.00824,ppo
476,-45.0337,-0.35183,-45.0839,-43.5152,1.06829,0.00147,3.81351,0.01303,0.009058,ppo
477,-45.9185,-0.35874,-45.0794,-43.5152,1.06893,0.00188,3.95462,0.006665,0.01203,ppo
478,-45.968,-0.35913,-45.0778,-43.5152,1.06892,0.00186,3.96263,0.00664,0.011563,ppo
479,-43.545,-0.3402,-44.9555,-43.5152,1.06806,0.0016,3.58817,0.006717,0.008102,ppo
480,-45.0464,-0.35192,-44.9288,-43.5152,1.06774,0.00172,3.82377,0.006303,0.008707,ppo
481,-43.6444,-0.34097,-44.8783,-43.5152,1.06814,0.00162,3.60348,0.006671,0.008092,ppo
482,-46.0082,-0.35944,-44.8812,-43.5152,1.06729,0.0015,3.97307,0.00801,0.01081,ppo
483,-45.766,-0.35755,-44.8692,-43.5152,1.06861,0.00188,3.93119,0.006923,0.012828,ppo
484,-46.0371,-0.35966,-44.8714,-43.5152,1.06726,0.00148,3.97772,0.008042,0.010675,ppo
485,-45.6627,-0.35674,-44.8679,-43.5152,1.06781,0.00143,3.91272,0.013427,0.009439,ppo
486,-46.1793,-0.36078,-44.9946,-43.5152,1.06798,0.0014,3.9924,0.013841,0.009858,ppo
487,-45.0464,-0.35192,-44.9456,-43.5152,1.06774,0.00172,3.82377,0.006303,0.008707,ppo
488,-45.9888,-0.35929,-45.0634,-43.5152,1.06874,0.00184,3.9666,0.006608,0.01115,ppo
489,-45.9879,-0.35928,-45.1503,-43.5152,1.068,0.0018,3.96927,0.006489,0.010131,ppo
490,-45.3938,-0.35464,-45.1239,-43.5152,1.069,0.00145,3.86739,0.013241,0.009245,ppo
491,-45.6627,-0.35674,-45.1179,-43.5152,1.06781,0.00143,3.91272,0.013427,0.009439,ppo
492,-45.8734,-0.35839,-45.2303,-43.5152,1.06834,0.00179,3.95057,0.00643,0.009731,ppo
493,-44.1482,-0.34491,-45.246,-43.5152,1.06859,0.00153,3.67465,0.012822,0.008448,ppo
494,-45.5661,-0.35599,-45.3439,-43.5152,1.06737,0.00177,3.90573,0.006363,0.009292,ppo
495,-43.6076,-0.34068,-45.3042,-43.5152,1.06861,0.00157,3.59619,0.006841,0.008186,ppo
496,-45.0337,-0.35183,-45.3042,-43.5152,1.06829,0.00147,3.81351,0.01303,0.009058,ppo
497,-46.0178,-0.35951,-45.3092,-43.5152,1.06711,0.00149,3.97512,0.008027,0.010745,ppo
498,-43.9351,-0.34324,-45.2075,-43.5152,1.06737,0.00164,3.65128,0.006587,0.008089,ppo
499,-45.8984,-0.35858,-45.3252,-43.5152,1.0674,0.00161,3.95539,0.007802,0.011574,ppo
500,-45.7041,-0.35706,-45.3581,-43.5152,1.0678,0.00143,3.91921,0.013455,0.009463,ppo
501,-45.9024,-0.35861,-45.471,-43.5152,1.06775,0.00161,3.95495,0.007792,0.011603,ppo
502,-43.7668,-0.34193,-45.3589,-43.5152,1.06824,0.00156,3.62205,0.006928,0.008275,ppo
503,-44.1435,-0.34487,-45.2778,-43.5152,1.06718,0.00166,3.68441,0.00656,0.008136,ppo
504,-43.5139,-0.33995,-45.1516,-43.5139,1.06794,0.00159,3.58362,0.006765,0.008134,ppo
505,-44.8446,-0.35035,-45.1107,-43.5139,1.06775,0.00171,3.79232,0.006287,0.008522,ppo
506,-45.8261,-0.35802,-45.0931,-43.5139,1.06812,0.00171,3.94185,0.007516,0.012213,ppo
507,-45.9059,-0.35864,-45.136,-43.5139,1.06808,0.00179,3.9564,0.006442,0.009817,ppo
508,-45.8166,-0.35794,-45.1274,-43.5139,1.06802,0.00191,3.94115,0.006693,0.012585,ppo
509,-43.5471,-0.34021,-45.0054,-43.5139,1.06782,0.00161,3.58923,0.006712,0.008098,ppo
510,-45.9986,-0.35936,-45.0356,-43.5139,1.06882,0.00183,3.96799,0.006592,0.010981,ppo
511,-45.7895,-0.35773,-45.042,-43.5139,1.06787,0.00176,3.9369,0.007349,0.012481,ppo
512,-45.9582,-0.35905,-45.0462,-43.5139,1.06901,0.00187,3.96075,0.006649,0.011704,ppo
513,-45.7874,-0.35771,-45.1282,-43.5139,1.06787,0.00178,3.93864,0.006406,0.00959,ppo
514,-46.1793,-0.36078,-45.1588,-43.5139,1.06798,0.0014,3.9924,0.013841,0.009858,ppo
515,-45.9299,-0.35883,-45.275,-43.5139,1.06894,0.00188,3.95639,0.006664,0.011962,ppo
516,-45.7967,-0.35779,-45.3131,-43.5139,1.06785,0.00174,3.93806,0.007412,0.012382,ppo
517,-45.9548,-0.35902,-45.31,-43.5139,1.06784,0.0018,3.96466,0.006466,0.009975,ppo
518,-43.545,-0.3402,-45.2904,-43.5139,1.06806,0.0016,3.58817,0.006717,0.008102,ppo
519,-46.0178,-0.35951,-45.2964,-43.5139,1.06711,0.00149,3.97512,0.008027,0.010745,ppo
520,-45.9394,-0.3589,-45.3082,-43.5139,1.06888,0.00187,3.95812,0.006661,0.011882,ppo
521,-45.3452,-0.35426,-45.2803,-43.5139,1.06869,0.00145,3.86077,0.013214,0.009222,ppo
522,-46.0458,-0.35973,-45.3943,-43.5139,1.06727,0.00148,3.97907,0.008049,0.010639,ppo
523,-45.8995,-0.35859,-45.4821,-43.5139,1.06762,0.00161,3.95487,0.007783,0.011631,ppo
524,-45.0147,-0.35168,-45.5571,-43.5139,1.06836,0.00147,3.81037,0.013017,0.009045,ppo
525,-43.6076,-0.34068,-45.4953,-43.5139,1.06861,0.00157,3.59619,0.006841,0.008186,ppo
526,-45.2277,-0.35334,-45.4653,-43.5139,1.0692,0.00146,3.84098,0.013136,0.009159,ppo
527,-45.8973,-0.35857,-45.4649,-43.5139,1.06675,0.00159,3.9572,0.007839,0.011452,ppo
528,-45.3285,-0.35413,-45.4405,-43.5139,1.06898,0.00145,3.85731,0.0132,0.009211,ppo
529,-45.754,-0.35745,-45.5508,-43.5139,1.06814,0.00189,3.93077,0.006857,0.012859,ppo
530,-45.9548,-0.35902,-45.5487,-43.5139,1.06784,0.0018,3.96466,0.006466,0.009975,ppo
531,-44.771,-0.34977,-45.4977,-43.5139,1.06787,0.00149,3.77366,0.013165,0.008881,ppo
532,-43.5634,-0.34034,-45.378,-43.5139,1.06838,0.00158,3.58999,0.00681,0.008162,ppo
533,-43.5122,-0.33994,-45.2642,-43.5122,1.06783,0.00159,3.58367,0.006772,0.008139,ppo
534,-44.1891,-0.34523,-45.1647,-43.5122,1.06847,0.00153,3.68137,0.012839,0.008473,ppo
535,-45.771,-0.35759,-45.1568,-43.5122,1.06808,0.00192,3.93372,0.006702,0.012797,ppo
536,-43.8773,-0.34279,-45.0608,-43.5122,1.06752,0.00164,3.64178,0.006599,0.00808,ppo
537,-44.2501,-0.3457,-44.9756,-43.5122,1.0682,0.00152,3.69168,0.012871,0.00852,ppo
538,-45.87,-0.35836,-45.0918,-43.5122,1.0684,0.00189,3.94851,0.006678,0.012294,ppo
539,-45.9789,-0.35921,-45.0899,-43.5122,1.06869,0.00185,3.9651,0.006626,0.011356,ppo
540,-45.8352,-0.35809,-45.0847,-43.5122,1.06731,0.00167,3.94571,0.007645,0.011976,ppo
541,-43.6076,-0.34068,-44.9978,-43.5122,1.06861,0.00157,3.59619,0.006841,0.008186,ppo
542,-45.5464,-0.35583,-44.9728,-43.5122,1.06744,0.00176,3.9025,0.006359,0.009262,ppo
543,-45.3862,-0.35458,-44.9472,-43.5122,1.06762,0.00175,3.87703,0.006336,0.009058,ppo
544,-43.7178,-0.34154,-44.8823,-43.5122,1.06852,0.00156,3.61358,0.006901,0.008252,ppo
545,-45.9289,-0.35882,-44.9984,-43.5122,1.06653,0.00155,3.96285,0.007912,0.011213,ppo
546,-45.9429,-0.35893,-45.0341,-43.5122,1.0668,0.00155,3.96424,0.007921,0.011178,ppo
547,-45.825,-0.35801,-45.0305,-43.5122,1.06718,0.00168,3.94451,0.007606,0.012045,ppo
548,-45.8971,-0.35857,-45.0589,-43.5122,1.06816,0.00141,3.94811,0.013571,0.00959,ppo
549,-45.4671,-0.35521,-45.0446,-43.5122,1.06854,0.00144,3.88018,0.013296,0.009298,ppo
550,-45.9789,-0.35921,-45.0458,-43.5122,1.06869,0.00185,3.9651,0.006626,0.011356,ppo
551,-44.7044,-0.34925,-45.0425,-43.5122,1.06871,0.0017,3.76761,0.006279,0.008404,ppo
552,-45.8265,-0.35802,-45.1556,-43.5122,1.0686,0.00172,3.94048,0.007491,0.012252,ppo
553,-43.543,-0.34018,-45.1572,-43.5122,1.0683,0.00158,3.58705,0.006794,0.008151,ppo
554,-45.9676,-0.35912,-45.2461,-43.5122,1.06812,0.00141,3.9592,0.013624,0.009641,ppo
555,-46.2014,-0.36095,-45.2676,-43.5122,1.06826,0.0014,3.99496,0.013876,0.00989,ppo
556,-43.7885,-0.3421,-45.2632,-43.5122,1.06781,0.00163,3.62705,0.006625,0.008071,ppo
557,-45.7688,-0.35757,-45.3391,-43.5122,1.06783,0.00184,3.93387,0.007076,0.012743,ppo
558,-45.0561,-0.352,-45.2984,-43.5122,1.0683,0.00147,3.81697,0.013041,0.009071,ppo
559,-45.98,-0.35922,-45.2985,-43.5122,1.06902,0.00185,3.96425,0.006634,0.011427,ppo
560,-43.6239,-0.34081,-45.1879,-43.5122,1.06854,0.00157,3.5989,0.00685,0.008197,ppo
561,-44.7185,-0.34936,-45.2435,-43.5122,1.06837,0.00149,3.76401,0.013127,0.008839,ppo
562,-45.7504,-0.35742,-45.2536,-43.5122,1.06813,0.0019,3.93023,0.006841,0.012868,ppo
563,-44.8879,-0.35069,-45.2287,-43.5122,1.06779,0.00171,3.79893,0.006291,0.008555,ppo
564,-45.9484,-0.35897,-45.3403,-43.5122,1.0681,0.0018,3.96292,0.006459,0.009942,ppo
565,-45.8085,-0.35788,-45.3343,-43.5122,1.06799,0.00191,3.93997,0.006694,0.012614,ppo
566,-44.7317,-0.34947,-45.2737,-43.5122,1.06821,0.0017,3.77334,0.006279,0.008436,ppo
567,-45.9845,-0.35925,-45.2817,-43.5122,1.06817,0.0018,3.96825,0.006485,0.010096,ppo
568,-46.1793,-0.36078,-45.2958,-43.5122,1.06798,0.0014,3.9924,0.013841,0.009858,ppo
569,-45.2663,-0.35364,-45.2857,-43.5122,1.06911,0.00146,3.84723,0.013163,0.009182,ppo
570,-45.6491,-0.35663,-45.2692,-43.5122,1.06828,0.00143,3.90922,0.013414,0.009423,ppo
571,-46.0607,-0.35985,-45.3371,-43.5122,1.06728,0.00147,3.98139,0.008066,0.01053,ppo
572,-45.897,-0.35857,-45.3406,-43.5122,1.06735,0.0016,3.95532,0.007813,0.011546,ppo
573,-45.8574,-0.35826,-45.4563,-43.5122,1.06841,0.0019,3.94648,0.006681,0.012363,ppo
574,-45.9259,-0.3588,-45.4542,-43.5122,1.06661,0.00156,3.96213,0.007905,0.011246,ppo
575,-44.8424,-0.35033,-45.3863,-43.5122,1.06805,0.00148,3.78421,0.013202,0.008928,ppo
576,-45.9189,-0.35874,-45.4928,-43.5122,1.06801,0.00179,3.95862,0.006445,0.009846,ppo
577,-46.0263,-0.35958,-45.5057,-43.5122,1.06773,0.00141,3.96945,0.013676,0.009695,ppo
578,-45.8211,-0.35798,-45.5439,-43.5122,1.0678,0.00171,3.94204,0.007529,0.012189,ppo
579,-44.1435,-0.34487,-45.4521,-43.5122,1.06718,0.00166,3.68441,0.00656,0.008136,ppo
580,-46.0058,-0.35942,-45.5712,-43.5122,1.06791,0.00182,3.97212,0.006538,0.010484,ppo
581,-45.9484,-0.35897,-45.6327,-43.5122,1.0681,0.0018,3.96292,0.006459,0.009942,ppo
582,-44.869,-0.35054,-45.5886,-43.5122,1.0683,0.00148,3.78761,0.013215,0.00894,ppo
583,-44.7639,-0.34972,-45.5824,-43.5122,1.06779,0.0017,3.77961,0.006283,0.008467,ppo
584,-45.0827,-0.35221,-45.5391,-43.5122,1.06849,0.00147,3.82057,0.013052,0.009081,ppo
585,-45.9848,-0.35926,-45.5479,-43.5122,1.06812,0.00141,3.96186,0.013637,0.009655,ppo
586,-43.5901,-0.34055,-45.4909,-43.5122,1.06828,0.00161,3.59457,0.006695,0.008092,ppo
587,-44.0879,-0.34444,-45.396,-43.5122,1.06723,0.00165,3.67559,0.006565,0.008116,ppo
588,-45.9199,-0.35875,-45.3831,-43.5122,1.06687,0.00157,3.96038,0.007889,0.011305,ppo
589,-46.0178,-0.35951,-45.4206,-43.5122,1.06711,0.00149,3.97512,0.008027,0.010745,ppo
590,-45.789,-0.35773,-45.4276,-43.5122,1.0681,0.00179,3.93614,0.007266,0.012582,ppo
591,-46.1996,-0.36093,-45.4346,-43.5122,1.06815,0.0014,3.99495,0.013889,0.009994,ppo
592,-45.8524,-0.35822,-45.4323,-43.5122,1.06743,0.00165,3.94806,0.007686,0.01187,ppo
593,-46.0013,-0.35939,-45.4395,-43.5122,1.06808,0.00141,3.96454,0.013652,0.009669,ppo
594,-45.9199,-0.35875,-45.4392,-43.5122,1.06687,0.00157,3.96038,0.007889,0.011305,ppo
595,-44.0328,-0.34401,-45.3988,-43.5122,1.06725,0.00165,3.6669,0.006576,0.008104,ppo
596,-44.1891,-0.34523,-45.3123,-43.5122,1.06847,0.00153,3.68137,0.012839,0.008473,ppo
597,-45.8976,-0.35857,-45.3058,-43.5122,1.06909,0.00189,3.95078,0.006673,0.012225,ppo
598,-43.7308,-0.34165,-45.2013,-43.5122,1.06828,0.00156,3.61631,0.006908,0.008257,ppo
599,-45.9299,-0.35883,-45.2906,-43.5122,1.06894,0.00188,3.95639,0.006664,0.011962,ppo
600,-45.3685,-0.35444,-45.2588,-43.5122,1.06875,0.00145,3.8642,0.013228,0.009231,ppo
601,-43.9883,-0.34366,-45.1608,-43.5122,1.0672,0.00165,3.66012,0.00658,0.008092,ppo
602,-45.7862,-0.3577,-45.2066,-43.5122,1.06838,0.00182,3.9349,0.00715,0.012683,ppo
603,-45.9809,-0.35923,-45.2675,-43.5122,1.06797,0.0018,3.96828,0.00648,0.010066,ppo
604,-45.897,-0.35857,-45.3082,-43.5122,1.06735,0.0016,3.95532,0.007813,0.011546,ppo
605,-45.8829,-0.35846,-45.3031,-43.5122,1.06743,0.00162,3.95286,0.007762,0.011689,ppo
606,-44.5329,-0.34791,-45.3502,-43.5122,1.06788,0.00169,3.74337,0.006262,0.008304,ppo
607,-46.2005,-0.36094,-45.4559,-43.5122,1.068,0.0014,3.99555,0.013894,0.009952,ppo
608,-45.9907,-0.3593,-45.4594,-43.5122,1.06875,0.00184,3.96691,0.006605,0.011114,ppo
609,-45.7644,-0.35753,-45.4467,-43.5122,1.06853,0.00188,3.93118,0.006907,0.012835,ppo
610,-44.771,-0.34977,-45.3958,-43.5122,1.06787,0.00149,3.77366,0.013165,0.008881,ppo
611,-46.0009,-0.35938,-45.3859,-43.5122,1.06739,0.00151,3.97161,0.007994,0.010883,ppo
612,-46.016,-0.3595,-45.3941,-43.5122,1.06747,0.0015,3.97376,0.008019,0.010777,ppo
613,-43.8623,-0.34267,-45.2871,-43.5122,1.06885,0.00155,3.63509,0.00696,0.008323,ppo
614,-45.8586,-0.35827,-45.2841,-43.5122,1.06725,0.00164,3.94958,0.00771,0.011823,ppo
615,-44.6992,-0.34921,-45.3174,-43.5122,1.06841,0.00149,3.76088,0.013116,0.008826,ppo
616,-46.2102,-0.36102,-45.4184,-43.5122,1.06826,0.00139,3.99631,0.0139,0.009912,ppo
617,-45.7913,-0.35774,-45.4131,-43.5122,1.06807,0.00178,3.93657,0.007294,0.01255,ppo
618,-45.7958,-0.35778,-45.5164,-43.5122,1.06794,0.00176,3.93766,0.007373,0.012446,ppo
619,-44.5501,-0.34805,-45.4474,-43.5122,1.06835,0.0015,3.73789,0.013031,0.008719,ppo
620,-45.8984,-0.35858,-45.4739,-43.5122,1.0674,0.00161,3.95539,0.007802,0.011574,ppo
621,-44.5916,-0.34837,-45.504,-43.5122,1.06817,0.00169,3.75164,0.006266,0.00834,ppo
622,-46.1001,-0.36016,-45.5197,-43.5122,1.06771,0.0014,3.98096,0.013751,0.009768,ppo
623,-44.5314,-0.3479,-45.4473,-43.5122,1.06844,0.0015,3.73469,0.013021,0.008705,ppo
624,-45.7488,-0.35741,-45.4399,-43.5122,1.06805,0.0019,3.93023,0.006811,0.012879,ppo
625,-46.0009,-0.35938,-45.4458,-43.5122,1.06739,0.00151,3.97161,0.007994,0.010883,ppo
626,-43.7885,-0.3421,-45.4085,-43.5122,1.06781,0.00163,3.62705,0.006625,0.008071,ppo
627,-45.7911,-0.35774,-45.3881,-43.5122,1.0686,0.00182,3.93499,0.007164,0.01267,ppo
628,-46.016,-0.3595,-45.3893,-43.5122,1.06747,0.0015,3.97376,0.008019,0.010777,ppo
629,-44.5782,-0.34827,-45.33,-43.5122,1.06826,0.00169,3.74927,0.006265,0.008329,ppo
630,-45.7899,-0.35773,-45.381,-43.5122,1.06797,0.00178,3.93668,0.007308,0.012532,ppo
631,-45.922,-0.35877,-45.377,-43.5122,1.0687,0.00188,3.95587,0.006664,0.011995,ppo
632,-45.8586,-0.35827,-45.3692,-43.5122,1.06725,0.00164,3.94958,0.00771,0.011823,ppo
633,-45.7511,-0.35743,-45.4636,-43.5122,1.06824,0.00191,3.93004,0.006794,0.012885,ppo
634,-45.7958,-0.35778,-45.4605,-43.5122,1.06794,0.00176,3.93766,0.007373,0.012446,ppo
635,-43.7308,-0.34165,-45.412,-43.5122,1.06828,0.00156,3.61631,0.006908,0.008257,ppo
636,-43.5939,-0.34058,-45.2812,-43.5122,1.06863,0.00157,3.59399,0.006833,0.00818,ppo
637,-44.7365,-0.3495,-45.2285,-43.5122,1.06825,0.00149,3.76716,0.01314,0.008851,ppo
638,-45.7824,-0.35767,-45.2278,-43.5122,1.06789,0.0018,3.93576,0.007208,0.012633,ppo
639,-45.8253,-0.35801,-45.2916,-43.5122,1.06832,0.00191,3.94162,0.00669,0.01255,ppo
640,-45.3068,-0.35396,-45.262,-43.5122,1.06903,0.00145,3.85377,0.013187,0.009203,ppo
641,-44.2704,-0.34586,-45.2459,-43.5122,1.06741,0.00167,3.70352,0.006551,0.008175,ppo
642,-45.8785,-0.35843,-45.2348,-43.5122,1.06744,0.00163,3.95212,0.007752,0.011719,ppo
643,-46.0109,-0.35946,-45.3088,-43.5122,1.06764,0.00141,3.96734,0.013664,0.009682,ppo
644,-45.8481,-0.35819,-45.3138,-43.5122,1.06732,0.00166,3.94772,0.007676,0.011895,ppo
645,-45.1741,-0.35292,-45.2724,-43.5122,1.06761,0.00173,3.84405,0.006313,0.008828,ppo
646,-44.0628,-0.34424,-45.2862,-43.5122,1.06869,0.00154,3.66105,0.01278,0.0084,ppo
647,-44.2933,-0.34604,-45.2113,-43.5122,1.06834,0.00152,3.69797,0.012893,0.008546,ppo
648,-45.7967,-0.35779,-45.2003,-43.5122,1.06785,0.00174,3.93806,0.007412,0.012382,ppo
649,-45.9733,-0.35917,-45.2701,-43.5122,1.06672,0.00152,3.96927,0.007971,0.010981,ppo
650,-45.0691,-0.3521,-45.234,-43.5122,1.0676,0.00172,3.82772,0.006306,0.008728,ppo
651,-43.9499,-0.34336,-45.1354,-43.5122,1.06724,0.00164,3.65398,0.006584,0.008087,ppo
652,-43.5784,-0.34046,-45.0214,-43.5122,1.06833,0.00161,3.59257,0.0067,0.008093,ppo
653,-45.8142,-0.35792,-45.0245,-43.5122,1.06854,0.00174,3.93874,0.00744,0.012346,ppo
654,-45.789,-0.35773,-45.0242,-43.5122,1.0681,0.00179,3.93614,0.007266,0.012582,ppo
655,-45.8785,-0.35843,-45.1316,-43.5122,1.06744,0.00163,3.95212,0.007752,0.011719,ppo
656,-43.9897,-0.34367,-45.1514,-43.5122,1.06827,0.00154,3.65092,0.012749,0.008364,ppo
657,-44.0392,-0.34406,-45.1165,-43.5122,1.06862,0.00154,3.65759,0.01277,0.008391,ppo
658,-46.1001,-0.36016,-45.1324,-43.5122,1.06771,0.0014,3.98096,0.013751,0.009768,ppo
659,-45.9419,-0.35892,-45.1382,-43.5122,1.0689,0.00187,3.95846,0.006659,0.011815,ppo
660,-44.3882,-0.34678,-45.0923,-43.5122,1.06891,0.00151,3.71102,0.012939,0.008608,ppo
661,-44.4563,-0.34732,-45.1016,-43.5122,1.0682,0.00168,3.73044,0.006264,0.008262,ppo
662,-43.7558,-0.34184,-44.9955,-43.5122,1.068,0.00163,3.62137,0.006632,0.00807,ppo
663,-43.5358,-0.34012,-44.8717,-43.5122,1.06828,0.00158,3.58598,0.006787,0.008146,ppo
664,-45.8586,-0.35827,-44.8722,-43.5122,1.06725,0.00164,3.94958,0.00771,0.011823,ppo
665,-45.7041,-0.35706,-44.8987,-43.5122,1.0678,0.00143,3.91921,0.013455,0.009463,ppo
666,-46.1909,-0.36087,-45.0051,-43.5122,1.06823,0.00141,3.9933,0.013883,0.010073,ppo
667,-45.774,-0.35761,-45.0792,-43.5122,1.06804,0.00184,3.93404,0.007093,0.012732,ppo
668,-43.5358,-0.34012,-44.9661,-43.5122,1.06828,0.00158,3.58598,0.006787,0.008146,ppo
669,-43.9499,-0.34336,-44.865,-43.5122,1.06724,0.00164,3.65398,0.006584,0.008087,ppo
670,-45.972,-0.35916,-44.9101,-43.5122,1.06876,0.00186,3.96377,0.006636,0.011493,ppo
671,-45.5902,-0.35617,-44.9921,-43.5122,1.06758,0.00177,3.90887,0.006366,0.009316,ppo
672,-44.4563,-0.34732,-45.036,-43.5122,1.0682,0.00168,3.73044,0.006264,0.008262,ppo
673,-45.911,-0.35868,-45.0409,-43.5122,1.06913,0.00189,3.95279,0.006672,0.01216,ppo
674,-45.8256,-0.35801,-45.0427,-43.5122,1.06731,0.00169,3.94422,0.007581,0.012094,ppo
675,-45.8562,-0.35825,-45.0416,-43.5122,1.0681,0.00179,3.94864,0.006426,0.009705,ppo
676,-43.7735,-0.34198,-45.0308,-43.5122,1.06786,0.00163,3.62455,0.006629,0.008072,ppo
677,-46.0458,-0.35973,-45.1311,-43.5122,1.06727,0.00148,3.97907,0.008049,0.010639,ppo
678,-46.0814,-0.36001,-45.1302,-43.5122,1.06787,0.0014,3.97757,0.013726,0.009743,ppo
679,-45.2277,-0.35334,-45.0945,-43.5122,1.0692,0.00146,3.84098,0.013136,0.009159,ppo
680,-45.8995,-0.35859,-45.17,-43.5122,1.06762,0.00161,3.95487,0.007783,0.011631,ppo
681,-46.1937,-0.36089,-45.2569,-43.5122,1.06815,0.00141,3.994,0.013887,0.010036,ppo
682,-43.632,-0.34087,-45.2507,-43.5122,1.06819,0.00157,3.60121,0.00686,0.008202,ppo
683,-44.5314,-0.3479,-45.3005,-43.5122,1.06844,0.0015,3.73469,0.013021,0.008705,ppo
684,-46.0039,-0.35941,-45.3077,-43.5122,1.06784,0.00181,3.97205,0.006534,0.010451,ppo
685,-46.169,-0.3607,-45.331,-43.5122,1.06804,0.00143,3.99042,0.013868,0.010184,ppo
686,-43.6076,-0.34068,-45.2018,-43.5122,1.06861,0.00157,3.59619,0.006841,0.008186,ppo
687,-46.0109,-0.35946,-45.2137,-43.5122,1.06764,0.00141,3.96734,0.013664,0.009682,ppo
688,-45.3068,-0.35396,-45.3022,-43.5122,1.06903,0.00145,3.85377,0.013187,0.009203,ppo
689,-46.0098,-0.35945,-45.4052,-43.5122,1.06861,0.00182,3.9705,0.006567,0.010724,ppo
690,-44.8079,-0.35006,-45.347,-43.5122,1.06783,0.00171,3.78635,0.006284,0.008501,ppo
691,-43.8983,-0.34296,-45.2624,-43.5122,1.06754,0.00164,3.64503,0.006595,0.00808,ppo
692,-45.7362,-0.35731,-45.3264,-43.5122,1.06757,0.00192,3.92976,0.006744,0.012896,ppo
693,-45.7819,-0.35767,-45.3199,-43.5122,1.06796,0.00181,3.93548,0.007193,0.012644,ppo
694,-43.6261,-0.34083,-45.21,-43.5122,1.06792,0.00161,3.60128,0.006676,0.008094,ppo
695,-44.8294,-0.35023,-45.1586,-43.5122,1.06801,0.00171,3.78917,0.006285,0.008512,ppo
696,-46.0014,-0.35939,-45.27,-43.5122,1.06875,0.00183,3.96868,0.006584,0.01089,ppo
697,-45.6086,-0.35632,-45.2482,-43.5122,1.06749,0.00177,3.912,0.006369,0.009344,ppo
698,-45.2277,-0.35334,-45.2055,-43.5122,1.0692,0.00146,3.84098,0.013136,0.009159,ppo
699,-44.3125,-0.34619,-45.1597,-43.5122,1.06778,0.00167,3.70901,0.00655,0.008187,ppo
700,-45.9199,-0.35875,-45.1607,-43.5122,1.06687,0.00157,3.96038,0.007889,0.011305,ppo
701,-46.0006,-0.35938,-45.1511,-43.5122,1.06744,0.00181,3.97278,0.006525,0.010381,ppo
702,-44.4138,-0.34698,-45.1902,-43.5122,1.06898,0.00151,3.71479,0.012951,0.008625,ppo
703,-43.6782,-0.34124,-45.1475,-43.5122,1.06825,0.00157,3.60823,0.006884,0.008232,ppo
704,-45.9676,-0.35912,-45.1457,-43.5122,1.06812,0.00141,3.9592,0.013624,0.009641,ppo
705,-45.805,-0.35785,-45.1275,-43.5122,1.06827,0.00191,3.93856,0.006694,0.012646,ppo
706,-44.8294,-0.35023,-45.1886,-43.5122,1.06801,0.00171,3.78917,0.006285,0.008512,ppo
707,-46.2063,-0.36099,-45.1984,-43.5122,1.0683,0.00139,3.99557,0.013888,0.009899,ppo
708,-45.7176,-0.35717,-45.2189,-43.5122,1.06807,0.00177,3.9272,0.006388,0.009475,ppo
709,-46.0009,-0.35938,-45.2185,-43.5122,1.06739,0.00151,3.97161,0.007994,0.010883,ppo
710,-45.7949,-0.35777,-45.2678,-43.5122,1.06815,0.00177,3.9369,0.007335,0.012501,ppo
711,-45.8734,-0.35839,-45.3666,-43.5122,1.06834,0.00179,3.95057,0.00643,0.009731,ppo
712,-45.87,-0.35836,-45.3733,-43.5122,1.0684,0.00189,3.94851,0.006678,0.012294,ppo
713,-45.7616,-0.35751,-45.3722,-43.5122,1.06795,0.00192,3.93263,0.006706,0.012824,ppo
714,-46.0514,-0.35978,-45.4935,-43.5122,1.06727,0.00148,3.97994,0.008052,0.0106,ppo
715,-45.7504,-0.35742,-45.5396,-43.5122,1.06813,0.0019,3.93023,0.006841,0.012868,ppo
716,-45.7488,-0.35741,-45.5269,-43.5122,1.06805,0.0019,3.93023,0.006811,0.012879,ppo
717,-45.9185,-0.35874,-45.5424,-43.5122,1.06893,0.00188,3.95462,0.006665,0.01203,ppo
718,-44.3452,-0.34645,-45.4983,-43.5122,1.06893,0.00152,3.70427,0.012915,0.008576,ppo
719,-44.0879,-0.34444,-45.4871,-43.5122,1.06723,0.00165,3.67559,0.006565,0.008116,ppo
720,-44.7639,-0.34972,-45.4293,-43.5122,1.06779,0.0017,3.77961,0.006283,0.008467,ppo
721,-45.7041,-0.35706,-45.4144,-43.5122,1.0678,0.00143,3.91921,0.013455,0.009463,ppo
722,-46.0854,-0.36004,-45.498,-43.5122,1.06781,0.00146,3.98369,0.008081,0.010457,ppo
723,-45.9348,-0.35887,-45.6109,-43.5122,1.06892,0.00188,3.95722,0.006663,0.011923,ppo
724,-45.9771,-0.3592,-45.6113,-43.5122,1.0665,0.00152,3.97054,0.00798,0.010948,ppo
725,-43.7735,-0.34198,-45.5097,-43.5122,1.06786,0.00163,3.62455,0.006629,0.008072,ppo
726,-45.9835,-0.35925,-45.5675,-43.5122,1.06866,0.00184,3.96603,0.006611,0.011185,ppo
727,-43.6261,-0.34083,-45.4384,-43.5122,1.06792,0.00161,3.60128,0.006676,0.008094,ppo
728,-45.9394,-0.3589,-45.4495,-43.5122,1.06888,0.00187,3.95812,0.006661,0.011882,ppo
729,-45.826,-0.35802,-45.4408,-43.5122,1.06723,0.00168,3.94451,0.007619,0.012023,ppo
730,-45.1302,-0.35258,-45.4076,-43.5122,1.0687,0.00146,3.8273,0.013079,0.009103,ppo
731,-45.7616,-0.35751,-45.402,-43.5122,1.06795,0.00192,3.93263,0.006706,0.012824,ppo
732,-45.9199,-0.35875,-45.4045,-43.5122,1.06687,0.00157,3.96038,0.007889,0.011305,ppo
733,-43.545,-0.3402,-45.2936,-43.5122,1.06806,0.0016,3.58817,0.006717,0.008102,ppo
734,-45.5661,-0.35599,-45.2694,-43.5122,1.06737,0.00177,3.90573,0.006363,0.009292,ppo
735,-43.6029,-0.34065,-45.162,-43.5122,1.06825,0.00161,3.59667,0.00669,0.008094,ppo
736,-45.9299,-0.35883,-45.171,-43.5122,1.06894,0.00188,3.95639,0.006664,0.011962,ppo
737,-44.5578,-0.34811,-45.103,-43.5122,1.06812,0.00169,3.7465,0.006263,0.008318,ppo
738,-43.7411,-0.34173,-45.0728,-43.5122,1.06824,0.00163,3.61833,0.006637,0.008074,ppo
739,-44.4954,-0.34762,-45.0932,-43.5122,1.06814,0.00168,3.73672,0.006264,0.008283,ppo
740,-45.8402,-0.35813,-45.147,-43.5122,1.06842,0.0019,3.9437,0.006685,0.012452,ppo
741,-43.525,-0.34004,-45.038,-43.5122,1.06787,0.0016,3.58559,0.006731,0.008114,ppo
742,-45.9548,-0.35902,-45.0315,-43.5122,1.06784,0.0018,3.96466,0.006466,0.009975,ppo
743,-45.0827,-0.35221,-44.9889,-43.5122,1.06849,0.00147,3.82057,0.013052,0.009081,ppo
744,-44.3882,-0.34678,-44.9095,-43.5122,1.06891,0.00151,3.71102,0.012939,0.008608,ppo
745,-44.6795,-0.34906,-44.9548,-43.5122,1.06851,0.00169,3.76432,0.006276,0.008389,ppo
746,-45.9348,-0.35887,-44.9523,-43.5122,1.06892,0.00188,3.95722,0.006663,0.011923,ppo
747,-46.0514,-0.35978,-45.0736,-43.5122,1.06727,0.00148,3.97994,0.008052,0.0106,ppo
748,-44.2449,-0.34566,-44.9889,-43.5122,1.06722,0.00167,3.70012,0.006552,0.008164,ppo
749,-45.9056,-0.35864,-44.9928,-43.5122,1.06873,0.00189,3.95315,0.006671,0.012128,ppo
750,-45.7644,-0.35753,-45.0246,-43.5122,1.06853,0.00188,3.93118,0.006907,0.012835,ppo
751,-45.9259,-0.3588,-45.0328,-43.5122,1.06661,0.00156,3.96213,0.007905,0.011246,ppo
752,-44.5645,-0.34816,-44.965,-43.5122,1.06805,0.0015,3.74101,0.013041,0.008736,ppo
753,-45.9896,-0.35929,-45.0872,-43.5122,1.06867,0.00184,3.96702,0.006599,0.011051,ppo
754,-46.0009,-0.35938,-45.109,-43.5122,1.0678,0.00181,3.97182,0.006506,0.010238,ppo
755,-43.5471,-0.34021,-45.1062,-43.5122,1.06782,0.00161,3.58923,0.006712,0.008098,ppo
756,-44.5149,-0.34777,-45.0354,-43.5122,1.06809,0.00168,3.73991,0.006262,0.008294,ppo
757,-45.9219,-0.35876,-45.1036,-43.5122,1.06785,0.00179,3.95956,0.006449,0.009876,ppo
758,-45.8261,-0.35802,-45.2079,-43.5122,1.06812,0.00171,3.94185,0.007516,0.012213,ppo
759,-46.2063,-0.36099,-45.2934,-43.5122,1.0683,0.00139,3.99557,0.013888,0.009899,ppo
760,-43.561,-0.34032,-45.1795,-43.5122,1.06807,0.00161,3.59066,0.006705,0.008091,ppo
761,-43.5152,-0.33996,-45.179,-43.5122,1.06809,0.00159,3.58337,0.006758,0.008123,ppo
762,-44.1891,-0.34523,-45.0907,-43.5122,1.06847,0.00153,3.68137,0.012839,0.008473,ppo
763,-44.7639,-0.34972,-45.0747,-43.5122,1.06779,0.0017,3.77961,0.006283,0.008467,ppo
764,-45.7819,-0.35767,-45.1444,-43.5122,1.06796,0.00181,3.93548,0.007193,0.012644,ppo
765,-46.0021,-0.35939,-45.2106,-43.5122,1.06759,0.00181,3.97256,0.006529,0.010419,ppo
766,-46.0014,-0.35939,-45.2139,-43.5122,1.06875,0.00183,3.96868,0.006584,0.01089,ppo
767,-45.959,-0.35905,-45.2093,-43.5122,1.06918,0.00187,3.96032,0.006655,0.011743,ppo
768,-43.6872,-0.34131,-45.1814,-43.5122,1.06828,0.00162,3.60977,0.006654,0.008077,ppo
769,-45.1208,-0.35251,-45.1421,-43.5122,1.06706,0.00173,3.8374,0.00631,0.008786,ppo
770,-44.8879,-0.35069,-45.0983,-43.5122,1.06779,0.00171,3.79893,0.006291,0.008555,ppo
771,-44.8879,-0.35069,-45.0464,-43.5122,1.06779,0.00171,3.79893,0.006291,0.008555,ppo
772,-45.9081,-0.35866,-45.1136,-43.5122,1.06858,0.00188,3.954,0.006669,0.012096,ppo
773,-44.1482,-0.34491,-45.0215,-43.5122,1.06859,0.00153,3.67465,0.012822,0.008448,ppo
774,-45.6086,-0.35632,-45.0019,-43.5122,1.06749,0.00177,3.912,0.006369,0.009344,ppo
775,-45.2156,-0.35325,-45.0854,-43.5122,1.0675,0.00174,3.85084,0.006318,0.008872,ppo
776,-45.7832,-0.35768,-45.1488,-43.5122,1.0678,0.00179,3.93614,0.007251,0.012594,ppo
777,-45.9201,-0.35875,-45.1487,-43.5122,1.06653,0.00156,3.96147,0.007897,0.011275,ppo
778,-46.1614,-0.36064,-45.1655,-43.5122,1.06792,0.00143,3.98958,0.013865,0.010227,ppo
779,-45.789,-0.35773,-45.1446,-43.5122,1.0681,0.00179,3.93614,0.007266,0.012582,ppo
780,-45.7511,-0.35743,-45.2541,-43.5122,1.06824,0.00191,3.93004,0.006794,0.012885,ppo
781,-44.6313,-0.34868,-45.3099,-43.5122,1.06819,0.0015,3.75098,0.013077,0.008786,ppo
782,-45.9419,-0.35892,-45.3975,-43.5122,1.0689,0.00187,3.95846,0.006659,0.011815,ppo
783,-45.538,-0.35577,-45.4362,-43.5122,1.068,0.00144,3.89279,0.013351,0.009358,ppo
