episode,total_reward,sinr_dl,sinr_ul,throughput_mbps,delay_ms,bler_pct
0,-96.0041378736496,5.0,11.60862153029976,0.060173500000000005,1.5985937499999998,0.012339457598623175
1,-73.87165462970734,5.0,8.148992623193445,0.06476115,1.5876875,0.012339457598623175
2,-73.8948324918747,5.0,8.148992623193445,0.055722425,1.6220468749999999,0.012339457598623175
3,-74.099485039711,5.0,8.148992623193445,0.079108075,1.6158437499999998,0.012339457598623175
4,-99.45385539531708,5.0,12.133367623193447,0.06798522500000001,1.603703125,0.012339457598623175
5,-74.36094999313354,5.0,8.148992623193445,0.1136878,1.5938124999999999,0.012339457598623175
6,-73.89839518070221,5.0,8.148992623193445,0.059322675000000005,1.612359375,0.012339457598623175
7,-94.41952991485596,5.0,11.358487315643998,0.069256875,1.5764218749999999,0.012339457598623175
8,-74.2974464893341,5.0,8.148992623193445,0.10092700000000002,1.6122499999999997,0.012339457598623175
9,-73.94946253299713,5.0,8.148992623193445,0.07149117499999999,1.5918125,0.012339457598623175
10,-74.18371939659119,5.0,8.148992623193445,0.0857627,1.622203125,0.012339457598623175
11,-87.47824156284332,5.0,10.258367623193447,0.08590045,1.557578125,0.012339457598623175
12,-73.91123867034912,5.0,8.148992623193445,0.074040775,1.57221875,0.012339457598623175
13,-86.48225104808807,5.0,10.102117623193447,0.08612539999999999,1.5581562500000001,0.012339457598623175
14,-97.45281076431274,5.0,11.742742623193447,0.1324754,1.56615625,0.012339457598623175
15,-74.1452785730362,5.0,8.148992623193445,0.08486265,1.612890625,0.012339457598623175
16,-74.55571901798248,5.0,8.148992623193445,0.15218452500000001,1.5391875,0.012339457598623175
17,-75.4438019990921,5.0,8.148992623193445,0.21904737499999996,1.6161249999999998,0.012339457598623175
18,-74.64145255088806,5.0,8.148992623193445,0.138094275,1.60825,0.012339457598623175
19,-74.59119403362274,5.0,8.148992623193445,0.15085385,1.554265625,0.012339457598623175
20,-74.81057345867157,5.0,8.148992623193445,0.16106525,1.5921874999999999,0.012339457598623175
21,-102.64917182922363,5.0,12.602117623193447,0.101471375,1.56428125,0.012339457598623175
22,-74.91497898101807,5.0,8.148992623193445,0.17503455,1.58290625,0.012339457598623175
23,-75.40844357013702,5.0,8.148992623193445,0.225697575,1.585125,0.012339457598623175
24,-73.90121829509735,5.0,8.148992623193445,0.0592157,1.6135625,0.012339457598623175
25,-79.50975406169891,5.0,8.752736204788704,0.238473775,1.6209687499999998,0.012339457598623175
26,-103.67641842365265,5.0,12.758367623193447,0.10488769999999999,1.5625468749999998,0.012339457598623175
27,-100.5693871974945,5.0,12.319122832668533,0.0678027,1.5813437499999998,0.012339457598623175
28,-82.86963176727295,5.0,9.477117623193445,0.10915464999999999,1.6101249999999998,0.012339457598623175
29,-75.61102330684662,5.0,8.148992623193445,0.2480496,1.581375,0.012339457598623175
30,-74.36419081687927,5.0,8.148992623193445,0.10774932499999999,1.612640625,0.012339457598623175
31,-74.0423401594162,5.0,8.148992623193445,0.08205137500000001,1.5891562499999998,0.012339457598623175
32,-82.68115317821503,5.0,9.235731070064912,0.24757605,1.6187343749999998,0.012339457598623175
33,-73.89874231815338,5.0,8.148992623193445,0.059358825000000004,1.612359375,0.012339457598623175
34,-74.27096724510193,5.0,8.148992623193445,0.09967397500000001,1.607734375,0.012339457598623175
35,-74.0225042104721,5.0,8.148992623193445,0.06914655,1.621671875,0.012339457598623175
36,-74.72343516349792,5.0,8.148992623193445,0.16962375,1.53928125,0.012339457598623175
37,-74.98544526100159,5.0,8.148992623193445,0.18521854999999998,1.5743749999999999,0.012339457598623175
38,-81.83385956287384,5.0,9.09083261048205,0.2567434,1.61625,0.012339457598623175
39,-73.79546964168549,5.0,8.148992623193445,0.0593929,1.5799843749999998,0.012339457598623175
40,-90.23489022254944,5.0,10.695599193881922,0.066771975,1.601953125,0.012339457598623175
41,-74.11507499217987,5.0,8.148992623193445,0.08528417499999999,1.6021874999999999,0.012339457598623175
42,-73.9293977022171,5.0,8.148992623193445,0.07118232499999999,1.5864687499999999,0.012339457598623175
43,-74.33160960674286,5.0,8.148992623193445,0.10435545,1.612640625,0.012339457598623175
44,-74.25985765457153,5.0,8.148992623193445,0.09431355,1.62034375,0.012339457598623175
45,-77.02052474021912,5.0,8.476916301209801,0.174616275,1.586296875,0.012339457598623175
46,-74.08550870418549,5.0,8.148992623193445,0.099959475,1.548921875,0.012339457598623175
47,-75.84161472320557,5.0,8.148992623193445,0.27168935,1.582515625,0.012339457598623175
48,-75.02937519550323,5.0,8.148992623193445,0.18971125,1.574625,0.012339457598623175
49,-73.76406931877136,5.0,8.148992623193445,0.055111625,1.5830156249999998,0.012339457598623175
50,-73.99486696720123,5.0,8.148992623193445,0.076772875,1.59015625,0.012339457598623175
51,-74.54118275642395,5.0,8.148992623193445,0.14299847499999999,1.5622031250000001,0.012339457598623175
52,-81.0989066362381,5.0,9.242742623193445,0.09764682499999999,1.5600468749999998,0.012339457598623175
53,-78.33890783786774,5.0,8.535388515414411,0.2634247,1.614921875,0.012339457598623175
54,-73.8457522392273,5.0,8.148992623193445,0.05509945,1.608578125,0.012339457598623175
55,-91.13241910934448,5.0,10.805242623193445,0.096304375,1.574546875,0.012339457598623175
56,-74.26134824752808,5.0,8.148992623193445,0.10576569999999999,1.5864531249999998,0.012339457598623175
57,-76.18235146999359,5.0,8.148992623193445,0.30834422499999997,1.5790312499999999,0.012339457598623175
58,-73.96159386634827,5.0,8.148992623193445,0.06213505,1.6236718749999999,0.012339457598623175
59,-74.00498759746552,5.0,8.148992623193445,0.068129175,1.6192499999999999,0.012339457598623175
60,-101.39528203010559,5.0,12.445867623193447,0.07569637500000001,1.5622656249999998,0.012339457598623175
61,-74.3986679315567,5.0,8.148992623193445,0.117601125,1.5938593749999999,0.012339457598623175
62,-82.73251533508301,5.0,9.235731070064912,0.25316065,1.61803125,0.012339457598623175
63,-74.03934049606323,5.0,8.148992623193445,0.08086907500000001,1.5917656249999999,0.012339457598623175
64,-100.28540194034576,5.0,12.289617623193447,0.062646325,1.567078125,0.012339457598623175
65,-81.17249882221222,5.0,8.970083894162997,0.268678925,1.615265625,0.012339457598623175
66,-76.38125121593475,5.0,8.367608408537683,0.181157625,1.5855156249999998,0.012339457598623175
67,-77.83127152919769,5.0,8.46293928562298,0.259069375,1.61425,0.012339457598623175
68,-74.03223919868469,5.0,8.148992623193445,0.081311675,1.58821875,0.012339457598623175
69,-74.69850409030914,5.0,8.148992623193445,0.14393297500000002,1.6085625000000001,0.012339457598623175
70,-80.9837087392807,5.0,8.945934150899188,0.265118325,1.6152499999999999,0.012339457598623175
71,-74.02669250965118,5.0,8.148992623193445,0.07304117499999999,1.611296875,0.012339457598623175
72,-74.21182632446289,5.0,8.148992623193445,0.10193529999999999,1.5824687499999999,0.012339457598623175
73,-74.07708036899567,5.0,8.148992623193445,0.07939407500000001,1.607984375,0.012339457598623175
74,-92.14608442783356,5.0,10.961492623193445,0.0980143,1.5736875,0.012339457598623175
75,-74.73001897335052,5.0,8.148992623193445,0.147861625,1.606625,0.012339457598623175
76,-96.15721011161804,5.0,11.6320925839637,0.060544075,1.5983749999999999,0.012339457598623175
77,-75.72677254676819,5.0,8.148992623193445,0.26030995,1.5807656249999997,0.012339457598623175
78,-75.23114764690399,5.0,8.148992623193445,0.19725522500000003,1.615046875,0.012339457598623175
79,-74.07463276386261,5.0,8.148992623193445,0.09729532499999999,1.553515625,0.012339457598623175
80,-74.09268021583557,5.0,8.148992623193445,0.08703467499999999,1.5899375,0.012339457598623175
81,-73.93180453777313,5.0,8.148992623193445,0.07854765,1.5651249999999999,0.012339457598623175
82,-73.7526661157608,5.0,8.148992623193445,0.055251925,1.5790312499999999,0.012339457598623175
83,-73.86618208885193,5.0,8.148992623193445,0.0646234,1.586390625,0.012339457598623175
84,-74.32518994808197,5.0,8.148992623193445,0.10381175,1.612265625,0.012339457598623175
85,-74.75340390205383,5.0,8.148992623193445,0.17296945,1.5386093749999998,0.012339457598623175
86,-73.89986300468445,5.0,8.148992623193445,0.059480775,1.61234375,0.012339457598623175
87,-75.12603211402893,5.0,8.148992623193445,0.19670155,1.5838593749999998,0.012339457598623175
88,-88.09960639476776,5.0,10.336492623193445,0.09211554999999999,1.576859375,0.012339457598623175
89,-101.20777451992035,5.0,12.445867623193447,0.055440325000000006,1.5644375,0.012339457598623175
90,-74.56278443336487,5.0,8.148992623193445,0.148378875,1.5528125,0.012339457598623175
91,-73.78651547431946,5.0,8.148992623193445,0.055079974999999996,1.590125,0.012339457598623175
92,-74.2410181760788,5.0,8.148992623193445,0.103606325,1.586578125,0.012339457598623175
93,-77.97318029403687,5.0,8.487089028886789,0.25773087499999997,1.6143125,0.012339457598623175
94,-83.31577515602112,5.0,9.60922549625069,0.07027995000000001,1.6019531249999999,0.012339457598623175
95,-74.58067059516907,5.0,8.148992623193445,0.127752425,1.62028125,0.012339457598623175
96,-74.08912229537964,5.0,8.148992623193445,0.095825525,1.5624531249999998,0.012339457598623175
97,-74.05455195903778,5.0,8.148992623193445,0.0725109,1.62159375,0.012339457598623175
98,-74.81880104541779,5.0,8.148992623193445,0.16936495000000001,1.569859375,0.012339457598623175
99,-74.0287983417511,5.0,8.148992623193445,0.07976055,1.591796875,0.012339457598623175
100,-74.01943242549896,5.0,8.148992623193445,0.07175885,1.6128749999999998,0.012339457598623175
101,-88.68097400665283,5.0,10.336492623193447,0.145961125,1.597,0.012339457598623175
102,-74.62522482872009,5.0,8.148992623193445,0.13430495,1.614546875,0.012339457598623175
103,-74.08050239086151,5.0,8.148992623193445,0.09494324999999999,1.56240625,0.012339457598623175
104,-74.00930261611938,5.0,8.148992623193445,0.0731047,1.605671875,0.012339457598623175
105,-74.21084070205688,5.0,8.148992623193445,0.08936387500000001,1.619875,0.012339457598623175
106,-96.62108767032623,5.0,11.702170208316119,0.069432625,1.5765156249999999,0.012339457598623175
107,-74.81365931034088,5.0,8.227117623193445,0.111433525,1.5857968749999998,0.012339457598623175
108,-75.82412397861481,5.0,8.148992623193445,0.270101775,1.5818124999999998,0.012339457598623175
109,-74.32518994808197,5.0,8.148992623193445,0.10381175,1.612265625,0.012339457598623175
110,-100.31436502933502,5.0,12.289617623193447,0.066371675,1.564953125,0.012339457598623175
111,-74.0814973115921,5.0,8.148992623193445,0.0770104,1.616515625,0.012339457598623175
112,-74.06341910362244,5.0,8.148992623193445,0.077153325,1.6104375,0.012339457598623175
113,-73.93747079372406,5.0,8.148992623193445,0.068439975,1.59721875,0.012339457598623175
114,-79.84455418586731,5.0,8.968801818234336,0.14095607500000001,1.586015625,0.012339457598623175
115,-73.7591780424118,5.0,8.148992623193445,0.055216699999999994,1.581171875,0.012339457598623175
116,-74.07874941825867,5.0,8.148992623193445,0.09842205,1.551421875,0.012339457598623175
117,-73.73075437545776,5.0,8.148992623193445,0.05190175,1.582234375,0.012339457598623175
118,-100.2465351819992,5.0,12.289617623193447,0.058582125,1.5671249999999999,0.012339457598623175
119,-73.9634599685669,5.0,8.148992623193445,0.073433625,1.590359375,0.012339457598623175
120,-104.11220693588257,5.0,12.865997832668532,0.071403675,1.583921875,0.012339457598623175
121,-74.21077942848206,5.0,8.148992623193445,0.1102377,1.557234375,0.012339457598623175
122,-76.38125121593475,5.0,8.367608408537683,0.181157625,1.5855156249999998,0.012339457598623175
123,-93.71143567562103,5.0,11.195867623193447,0.094852975,1.60359375,0.012339457598623175
124,-74.94489812850952,5.0,8.148992623193445,0.18116155,1.573875,0.012339457598623175
125,-103.67641842365265,5.0,12.758367623193447,0.10488769999999999,1.5625468749999998,0.012339457598623175
126,-74.5428456068039,5.0,8.148992623193445,0.14569254999999998,1.554640625,0.012339457598623175
127,-73.95619356632233,5.0,8.148992623193445,0.072249625,1.591640625,0.012339457598623175
128,-73.85337316989899,5.0,8.148992623193445,0.0642787,1.583421875,0.012339457598623175
129,-75.38209879398346,5.0,8.148992623193445,0.21252100000000002,1.616421875,0.012339457598623175
130,-73.91930770874023,5.0,8.148992623193445,0.068949025,1.590015625,0.012339457598623175
131,-75.74055552482605,5.0,8.148992623193445,0.250266475,1.615203125,0.012339457598623175
132,-74.65224087238312,5.0,8.148992623193445,0.1391191,1.608546875,0.012339457598623175
133,-74.88893043994904,5.0,8.148992623193445,0.17234719999999998,1.582828125,0.012339457598623175
134,-73.69178855419159,5.0,8.148992623193445,0.04666052500000001,1.58578125,0.012339457598623175
135,-73.7479407787323,5.0,8.148992623193445,0.0553795,1.577171875,0.012339457598623175
136,-74.81014966964722,5.0,8.148992623193445,0.15542212500000002,1.608984375,0.012339457598623175
137,-75.17053496837616,5.0,8.148992623193445,0.19096745000000004,1.61496875,0.012339457598623175
138,-101.24014711380005,5.0,12.445867623193447,0.056958350000000005,1.5699999999999998,0.012339457598623175
139,-83.31577515602112,5.0,9.60922549625069,0.07027995000000001,1.6019531249999999,0.012339457598623175
140,-91.64422988891602,5.0,10.883367623193445,0.0976857,1.5740937499999998,0.012339457598623175
141,-99.74962413311005,5.0,12.170920208316117,0.08184265,1.579453125,0.012339457598623175
142,-100.27036964893341,5.0,12.289617623193447,0.061393,1.5661406249999998,0.012339457598623175
143,-73.80659008026123,5.0,8.148992623193445,0.057816925,1.5881875,0.012339457598623175
144,-74.8086519241333,5.0,8.148992623193445,0.155464025,1.608390625,0.012339457598623175
145,-73.82700765132904,5.0,8.148992623193445,0.061323975,1.5840468749999999,0.012339457598623175
146,-74.03464710712433,5.0,8.148992623193445,0.0819062,1.5871874999999998,0.012339457598623175
147,-73.94035351276398,5.0,8.148992623193445,0.078573575,1.56771875,0.012339457598623175
148,-100.29479718208313,5.0,12.289617623193447,0.063046875,1.5688125,0.012339457598623175
149,-73.90405476093292,5.0,8.148992623193445,0.059735125,1.612890625,0.012339457598623175
150,-73.87076449394226,5.0,8.148992623193445,0.06277785,1.593359375,0.012339457598623175
151,-74.84356033802032,5.0,8.148992623193445,0.17067325,1.573671875,0.012339457598623175
152,-73.8282059431076,5.0,8.148992623193445,0.061521725,1.583828125,0.012339457598623175
153,-79.10073530673981,5.0,8.656137231733462,0.26232944999999996,1.61478125,0.012339457598623175
154,-93.7202250957489,5.0,11.195867623193447,0.09603937500000001,1.60278125,0.012339457598623175
155,-74.05117762088776,5.0,8.148992623193445,0.07570110000000001,1.61096875,0.012339457598623175
156,-103.68397510051727,5.0,12.758367623193447,0.10579985,1.5621718749999998,0.012339457598623175
157,-74.77406311035156,5.0,8.148992623193445,0.175475625,1.5375468749999999,0.012339457598623175
158,-75.09956276416779,5.0,8.148992623193445,0.19389745000000003,1.584,0.012339457598623175
159,-73.97085464000702,5.0,8.148992623193445,0.074287225,1.590109375,0.012339457598623175
160,-75.00935661792755,5.0,8.148992623193445,0.184521825,1.5839374999999998,0.012339457598623175
161,-74.40101790428162,5.0,8.148992623193445,0.117898,1.5937031249999998,0.012339457598623175
162,-100.50683999061584,5.0,12.280228100988236,0.088201575,1.578390625,0.012339457598623175
163,-79.3387222290039,5.0,8.930242623193445,0.10556512500000001,1.611234375,0.012339457598623175
164,-73.77137625217438,5.0,8.148992623193445,0.063966575,1.558734375,0.012339457598623175
165,-74.84356033802032,5.0,8.148992623193445,0.17067325,1.573671875,0.012339457598623175
166,-74.17959010601044,5.0,8.148992623193445,0.08556174999999999,1.621515625,0.012339457598623175
167,-73.86161291599274,5.0,8.148992623193445,0.054772425,1.6145156250000001,0.012339457598623175
168,-73.85132241249084,5.0,8.148992623193445,0.062096324999999994,1.589328125,0.012339457598623175
169,-74.75596594810486,5.0,8.148992623193445,0.15064777499999998,1.6063749999999999,0.012339457598623175
170,-103.68788838386536,5.0,12.758367623193447,0.106134575,1.562390625,0.012339457598623175
171,-83.31577515602112,5.0,9.60922549625069,0.07027995000000001,1.6019531249999999,0.012339457598623175
172,-73.8841917514801,5.0,8.148992623193445,0.06561397499999999,1.589046875,0.012339457598623175
173,-74.75340390205383,5.0,8.148992623193445,0.17296945,1.5386093749999998,0.012339457598623175
174,-93.76874053478241,5.0,11.256891261980059,0.069233475,1.5763124999999998,0.012339457598623175
175,-73.86700391769409,5.0,8.148992623193445,0.05511002499999999,1.6151874999999998,0.012339457598623175
176,-75.71487081050873,5.0,8.148992623193445,0.245695175,1.620890625,0.012339457598623175
177,-74.40468955039978,5.0,8.148992623193445,0.13155645,1.553875,0.012339457598623175
178,-74.03533208370209,5.0,8.148992623193445,0.08150885000000001,1.58859375,0.012339457598623175
179,-74.43611538410187,5.0,8.148992623193445,0.12894460000000002,1.5715312499999998,0.012339457598623175
180,-75.44858479499817,5.0,8.148992623193445,0.244378875,1.5416249999999998,0.012339457598623175
181,-75.21820104122162,5.0,8.148992623193445,0.21981805,1.5433125,0.012339457598623175
182,-90.14162850379944,5.0,10.601043905947344,0.12880239999999998,1.5758281249999997,0.012339457598623175
183,-75.05285704135895,5.0,8.148992623193445,0.17771457499999999,1.617953125,0.012339457598623175
184,-74.55571901798248,5.0,8.148992623193445,0.15218452500000001,1.5391875,0.012339457598623175
185,-100.74954438209534,5.0,12.367742623193447,0.0587185,1.5676562499999998,0.012339457598623175
186,-74.75684571266174,5.0,8.148992623193445,0.15069775,1.6064999999999998,0.012339457598623175
187,-74.26672446727753,5.0,8.148992623193445,0.09925285,1.6076718749999999,0.012339457598623175
188,-73.9745705127716,5.0,8.148992623193445,0.0856066,1.5573124999999999,0.012339457598623175
189,-73.79831981658936,5.0,8.148992623193445,0.0595752,1.5803281249999999,0.012339457598623175
190,-73.90063071250916,5.0,8.148992623193445,0.058956575000000004,1.61415625,0.012339457598623175
191,-92.06134521961212,5.0,10.883367623193447,0.13315605,1.59803125,0.012339457598623175
192,-75.68962228298187,5.0,8.148992623193445,0.242987,1.621125,0.012339457598623175
193,-73.8963270187378,5.0,8.148992623193445,0.055398925,1.6234843749999999,0.012339457598623175
194,-74.85604393482208,5.0,8.148992623193445,0.16598925,1.5916249999999998,0.012339457598623175
195,-97.12263131141663,5.0,11.780295208316119,0.06944757500000001,1.5769531249999997,0.012339457598623175
196,-87.60214352607727,5.0,10.280832066939166,0.069971225,1.59915625,0.012339457598623175
197,-74.5920422077179,5.0,8.148992623193445,0.15607757500000002,1.538859375,0.012339457598623175
198,-75.02519071102142,5.0,8.148992623193445,0.197910775,1.54871875,0.012339457598623175
199,-78.91093862056732,5.0,8.656137231733462,0.2404444,1.621125,0.012339457598623175
200,-73.800337433815,5.0,8.148992623193445,0.059587474999999994,1.580921875,0.012339457598623175
201,-74.08824932575226,5.0,8.148992623193445,0.079375175,1.61153125,0.012339457598623175
202,-74.36454546451569,5.0,8.148992623193445,0.116765425,1.5857031249999998,0.012339457598623175
203,-81.53113949298859,5.0,9.234359710906453,0.13986387499999997,1.585234375,0.012339457598623175
204,-73.81721651554108,5.0,8.148992623193445,0.060496749999999995,1.58346875,0.012339457598623175
205,-79.10073530673981,5.0,8.656137231733462,0.26232944999999996,1.61478125,0.012339457598623175
206,-73.91825795173645,5.0,8.148992623193445,0.07546985,1.570125,0.012339457598623175
207,-93.02775835990906,5.0,11.117742623193447,0.0910272,1.557671875,0.012339457598623175
208,-74.33817517757416,5.0,8.148992623193445,0.122841425,1.559234375,0.012339457598623175
209,-74.0952559709549,5.0,8.148992623193445,0.07955295000000001,1.6131875,0.012339457598623175
210,-99.26886856555939,5.0,12.100507047324296,0.07893002499999999,1.57878125,0.012339457598623175
211,-74.33954048156738,5.0,8.148992623193445,0.105020125,1.613125,0.012339457598623175
212,-74.19606387615204,5.0,8.148992623193445,0.10001212500000001,1.5833125,0.012339457598623175
213,-93.26930260658264,5.0,11.178766261980057,0.06967745,1.5751562499999998,0.012339457598623175
214,-74.02013552188873,5.0,8.148992623193445,0.0718269,1.612890625,0.012339457598623175
215,-73.90441513061523,5.0,8.148992623193445,0.06687167499999999,1.59159375,0.012339457598623175
216,-74.02338719367981,5.0,8.148992623193445,0.073186475,1.609828125,0.012339457598623175
217,-97.41050219535828,5.0,11.820867623193447,0.077516125,1.5615625,0.012339457598623175
218,-74.81057345867157,5.0,8.148992623193445,0.16106525,1.5921874999999999,0.012339457598623175
219,-88.95586502552032,5.0,10.491736013275226,0.0704177,1.599046875,0.012339457598623175
220,-94.49057328701019,5.0,11.273992623193447,0.1254923,1.59890625,0.012339457598623175
221,-74.26715171337128,5.0,8.148992623193445,0.10633377499999999,1.5865624999999999,0.012339457598623175
222,-73.92114639282227,5.0,8.148992623193445,0.07064572499999999,1.5855,0.012339457598623175
223,-74.5516506433487,5.0,8.148992623193445,0.128739925,1.60825,0.012339457598623175
224,-73.7756096124649,5.0,8.148992623193445,0.0552252,1.5862812499999999,0.012339457598623175
225,-78.58607292175293,5.0,8.750186032890099,0.155477925,1.58640625,0.012339457598623175
226,-75.30059564113617,5.0,8.148992623193445,0.22854144999999998,1.542890625,0.012339457598623175
227,-74.4321962594986,5.0,8.148992623193445,0.1321353,1.560734375,0.012339457598623175
228,-74.24958634376526,5.0,8.148992623193445,0.10372282499999999,1.58890625,0.012339457598623175
229,-73.84285986423492,5.0,8.148992623193445,0.054839825,1.608453125,0.012339457598623175
230,-104.52907383441925,5.0,12.905563637627642,0.08607514999999999,1.591046875,0.012339457598623175
231,-75.68331599235535,5.0,8.148992623193445,0.24241342500000002,1.6208749999999998,0.012339457598623175
232,-94.49057328701019,5.0,11.273992623193447,0.1254923,1.59890625,0.012339457598623175
233,-73.82921350002289,5.0,8.148992623193445,0.060756875,1.5864374999999997,0.012339457598623175
234,-94.56906223297119,5.0,11.352117623193447,0.08090782499999999,1.6009375,0.012339457598623175
235,-75.70424580574036,5.0,8.148992623193445,0.24470820000000001,1.62053125,0.012339457598623175
236,-89.1640328168869,5.0,10.414617623193447,0.14431100000000002,1.59665625,0.012339457598623175
237,-73.75859570503235,5.0,8.148992623193445,0.05447897499999999,1.583203125,0.012339457598623175
238,-74.8763587474823,5.0,8.148992623193445,0.1823449,1.54890625,0.012339457598623175
239,-74.00455498695374,5.0,8.148992623193445,0.071828925,1.6080156249999997,0.012339457598623175
240,-75.15939271450043,5.0,8.148992623193445,0.202911,1.5756562499999998,0.012339457598623175
241,-74.85435676574707,5.0,8.148992623193445,0.18440725,1.5358437499999997,0.012339457598623175
242,-75.4531729221344,5.0,8.148992623193445,0.2446641,1.542203125,0.012339457598623175
243,-73.86834418773651,5.0,8.148992623193445,0.0573955,1.60875,0.012339457598623175
244,-74.87242996692657,5.0,8.148992623193445,0.158633625,1.6188125,0.012339457598623175
245,-74.06710648536682,5.0,8.148992623193445,0.0752978,1.6171562499999999,0.012339457598623175
246,-78.50874853134155,5.0,8.583688001942031,0.24688554999999998,1.6210156249999998,0.012339457598623175
247,-74.73057293891907,5.0,8.148992623193445,0.1473516,1.6083281249999999,0.012339457598623175
248,-73.94132769107819,5.0,8.148992623193445,0.072096925,1.587453125,0.012339457598623175
249,-73.80920052528381,5.0,8.148992623193445,0.05742217499999999,1.5901874999999999,0.012339457598623175
250,-74.2754133939743,5.0,8.148992623193445,0.09581415000000001,1.620703125,0.012339457598623175
251,-75.79215025901794,5.0,8.148992623193445,0.266583675,1.5823749999999999,0.012339457598623175
252,-74.88480138778687,5.0,8.148992623193445,0.16908897499999997,1.5913124999999997,0.012339457598623175
253,-73.87661981582642,5.0,8.148992623193445,0.056325225,1.6145468749999998,0.012339457598623175
254,-73.87918734550476,5.0,8.148992623193445,0.07006145,1.574140625,0.012339457598623175
255,-94.5471340417862,5.0,11.273992623193447,0.131467375,1.59865625,0.012339457598623175
256,-73.74418902397156,5.0,8.148992623193445,0.05526995,1.5763281249999999,0.012339457598623175
257,-81.70192360877991,5.0,9.066682867218239,0.25919364999999994,1.61596875,0.012339457598623175
258,-73.9018942117691,5.0,8.148992623193445,0.06640594999999999,1.592203125,0.012339457598623175
259,-76.88561248779297,5.0,8.539617623193445,0.11974114999999999,1.5833593749999997,0.012339457598623175
260,-101.21254479885101,5.0,12.445867623193447,0.055978900000000005,1.5643125,0.012339457598623175
261,-73.76973724365234,5.0,8.148992623193445,0.0566864,1.5800625,0.012339457598623175
262,-93.54985582828522,5.0,11.195867623193447,0.078771725,1.6013437499999998,0.012339457598623175
263,-89.67355179786682,5.0,10.492742623193447,0.145250475,1.5968125,0.012339457598623175
264,-75.61102330684662,5.0,8.148992623193445,0.2480496,1.581375,0.012339457598623175
265,-73.8293890953064,5.0,8.148992623193445,0.06095225,1.58590625,0.012339457598623175
266,-74.00405275821686,5.0,8.148992623193445,0.07675580000000001,1.593078125,0.012339457598623175
267,-73.79250001907349,5.0,8.148992623193445,0.059151275,1.57978125,0.012339457598623175
268,-73.91258406639099,5.0,8.148992623193445,0.06971735,1.585609375,0.012339457598623175
269,-74.9521986246109,5.0,8.148992623193445,0.16713557499999998,1.6182343750000001,0.012339457598623175
270,-74.31593406200409,5.0,8.148992623193445,0.10274862500000001,1.6125625,0.012339457598623175
271,-102.81017076969147,5.0,12.602117623193447,0.11865875000000001,1.5630312499999999,0.012339457598623175
272,-73.76121175289154,5.0,8.148992623193445,0.0551525,1.582,0.012339457598623175
273,-101.18931293487549,5.0,12.445867623193447,0.05185585,1.569421875,0.012339457598623175
274,-74.66053628921509,5.0,8.148992623193445,0.13937904999999998,1.6103593749999998,0.012339457598623175
275,-73.87966680526733,5.0,8.148992623193445,0.065236375,1.5887656249999997,0.012339457598623175
276,-74.38856112957001,5.0,8.148992623193445,0.1166473,1.5935625,0.012339457598623175
277,-73.91683566570282,5.0,8.148992623193445,0.076207125,1.56746875,0.012339457598623175
278,-73.92158937454224,5.0,8.148992623193445,0.078613775,1.561734375,0.012339457598623175
279,-103.64286398887634,5.0,12.758367623193447,0.1010539,1.5635624999999997,0.012339457598623175
280,-73.8895093202591,5.0,8.148992623193445,0.058298100000000005,1.61265625,0.012339457598623175
281,-90.11767709255219,5.0,10.687551818234336,0.059562575,1.603046875,0.012339457598623175
282,-73.97806692123413,5.0,8.148992623193445,0.071700025,1.6001249999999998,0.012339457598623175
283,-74.28725230693817,5.0,8.148992623193445,0.108391125,1.5866718749999997,0.012339457598623175
284,-73.83042705059052,5.0,8.148992623193445,0.0615812,1.58434375,0.012339457598623175
285,-74.02151226997375,5.0,8.148992623193445,0.08858490000000001,1.563046875,0.012339457598623175
286,-74.05813753604889,5.0,8.148992623193445,0.07813957499999999,1.605828125,0.012339457598623175
287,-100.28876614570618,5.0,12.289617623193447,0.063574925,1.5653437499999998,0.012339457598623175
288,-74.99902272224426,5.0,8.148992623193445,0.19945054999999998,1.5359218749999999,0.012339457598623175
289,-95.98831260204315,5.0,11.586492623193447,0.08604845,1.56028125,0.012339457598623175
290,-74.01513826847076,5.0,8.148992623193445,0.0683376,1.621796875,0.012339457598623175
291,-100.66873955726624,5.0,12.280228100988236,0.104878625,1.578953125,0.012339457598623175
292,-100.31364381313324,5.0,12.289617623193447,0.066338225,1.5648281249999998,0.012339457598623175
293,-75.1383284330368,5.0,8.148992623193445,0.2103522,1.5467499999999998,0.012339457598623175
294,-73.89959335327148,5.0,8.148992623193445,0.0754892,1.5642343749999998,0.012339457598623175
295,-73.7469288110733,5.0,8.148992623193445,0.052951175,1.5841406249999999,0.012339457598623175
296,-73.8704845905304,5.0,8.148992623193445,0.06496217500000001,1.58671875,0.012339457598623175
297,-73.87169885635376,5.0,8.148992623193445,0.064843875,1.587453125,0.012339457598623175
298,-74.05616044998169,5.0,8.148992623193445,0.08320975,1.5899999999999999,0.012339457598623175
299,-74.7959498167038,5.0,8.148992623193445,0.17793777500000002,1.537,0.012339457598623175
300,-80.11075329780579,5.0,8.849335177843946,0.23684,1.6204843749999998,0.012339457598623175
301,-75.33484220504761,5.0,8.148992623193445,0.21850989999999998,1.5836875,0.012339457598623175
302,-93.18852841854095,5.0,11.147583369307938,0.08135932500000001,1.5772343749999997,0.012339457598623175
303,-75.70424580574036,5.0,8.148992623193445,0.24470820000000001,1.62053125,0.012339457598623175
304,-73.87272083759308,5.0,8.148992623193445,0.0651222,1.5869375,0.012339457598623175
305,-74.83618330955505,5.0,8.148992623193445,0.1580975,1.60909375,0.012339457598623175
306,-74.2754133939743,5.0,8.148992623193445,0.09581415000000001,1.620703125,0.012339457598623175
307,-74.08553087711334,5.0,8.148992623193445,0.07912845,1.611421875,0.012339457598623175
308,-80.84071004390717,5.0,9.164617623193445,0.10600135,1.610546875,0.012339457598623175
309,-104.41847026348114,5.0,12.912939939996413,0.07151137499999999,1.5854218749999998,0.012339457598623175
310,-76.4615592956543,5.0,8.221441852984876,0.27799345,1.6124375,0.012339457598623175
311,-73.79370713233948,5.0,8.148992623193445,0.066584375,1.557859375,0.012339457598623175
312,-74.08394598960876,5.0,8.148992623193445,0.08624989999999999,1.5895625,0.012339457598623175
313,-108.2217937707901,5.0,13.506757047324294,0.07081805,1.58840625,0.012339457598623175
314,-74.06341910362244,5.0,8.148992623193445,0.077153325,1.6104375,0.012339457598623175
315,-74.03934049606323,5.0,8.148992623193445,0.08086907500000001,1.5917656249999999,0.012339457598623175
316,-73.70875382423401,5.0,8.148992623193445,0.04939125,1.5828906249999999,0.012339457598623175
317,-87.97389674186707,5.0,10.336492623193447,0.0855208,1.5573593749999999,0.012339457598623175
318,-74.58214545249939,5.0,8.148992623193445,0.150572725,1.55228125,0.012339457598623175
319,-73.896249294281,5.0,8.148992623193445,0.076968975,1.5587499999999999,0.012339457598623175
320,-77.36579692363739,5.0,8.531570247545861,0.17423469999999996,1.58603125,0.012339457598623175
321,-82.02005958557129,5.0,9.312484710906453,0.139688875,1.582296875,0.012339457598623175
322,-93.6909532546997,5.0,11.225708369307938,0.08175774999999999,1.5767968749999999,0.012339457598623175
323,-94.87501454353333,5.0,11.352117623193447,0.123569525,1.5685624999999999,0.012339457598623175
324,-82.06535851955414,5.0,9.312484710906453,0.14505335,1.580359375,0.012339457598623175
325,-74.05117762088776,5.0,8.148992623193445,0.07570110000000001,1.61096875,0.012339457598623175
326,-73.8032283782959,5.0,8.148992623193445,0.05765424999999999,1.5876249999999998,0.012339457598623175
327,-73.87112474441528,5.0,8.148992623193445,0.06489345,1.587125,0.012339457598623175
328,-74.07564806938171,5.0,8.148992623193445,0.096645925,1.55578125,0.012339457598623175
329,-75.0185694694519,5.0,8.148992623193445,0.19837205000000002,1.545265625,0.012339457598623175
330,-74.56278443336487,5.0,8.148992623193445,0.148378875,1.5528125,0.012339457598623175
331,-74.2974464893341,5.0,8.148992623193445,0.10092700000000002,1.6122499999999997,0.012339457598623175
332,-74.12342989444733,5.0,8.148992623193445,0.091050275,1.5875,0.012339457598623175
333,-89.41894483566284,5.0,10.577237315643998,0.069649075,1.5750625,0.012339457598623175
334,-89.15749382972717,5.0,10.546725496250692,0.053250625,1.6035781249999999,0.012339457598623175
335,-81.70192360877991,5.0,9.066682867218239,0.25919364999999994,1.61596875,0.012339457598623175
336,-100.67918646335602,5.0,12.367742623193447,0.052451975000000005,1.56446875,0.012339457598623175
337,-74.15453720092773,5.0,8.148992623193445,0.09150414999999999,1.5958593749999999,0.012339457598623175
338,-100.31216061115265,5.0,12.289617623193447,0.06632955,1.564390625,0.012339457598623175
339,-73.90461802482605,5.0,8.148992623193445,0.059939624999999996,1.612453125,0.012339457598623175
340,-74.41110360622406,5.0,8.148992623193445,0.13008397500000002,1.5602968750000001,0.012339457598623175
341,-73.70700454711914,5.0,8.148992623193445,0.050000724999999996,1.5805156249999999,0.012339457598623175
342,-74.7759780883789,5.0,8.148992623193445,0.15762302499999997,1.591703125,0.012339457598623175
343,-73.78060305118561,5.0,8.148992623193445,0.065250625,1.557765625,0.012339457598623175
344,-74.38386738300323,5.0,8.148992623193445,0.10716355,1.620546875,0.012339457598623175
345,-75.06207466125488,5.0,8.148992623193445,0.19000287500000002,1.58396875,0.012339457598623175
346,-74.38762283325195,5.0,8.148992623193445,0.116466225,1.5938124999999999,0.012339457598623175
347,-96.48681223392487,5.0,11.664617623193447,0.071814075,1.6025156249999999,0.012339457598623175
348,-75.70379745960236,5.0,8.148992623193445,0.257817775,1.5810624999999998,0.012339457598623175
349,-74.4744336605072,5.0,8.148992623193445,0.125785025,1.592984375,0.012339457598623175
350,-94.47955739498138,5.0,11.273992623193447,0.1242771,1.5991093750000003,0.012339457598623175
351,-101.41787910461426,5.0,12.445867623193447,0.07810752500000001,1.5620937499999998,0.012339457598623175
352,-103.12147915363312,5.0,12.680242623193447,0.09867005000000001,1.5640312499999998,0.012339457598623175
353,-78.7768634557724,5.0,8.631987488469651,0.242583275,1.621109375,0.012339457598623175
354,-74.04027092456818,5.0,8.148992623193445,0.073846175,1.6131250000000001,0.012339457598623175
355,-73.88492715358734,5.0,8.148992623193445,0.057810375000000004,1.6126874999999998,0.012339457598623175
356,-81.9947600364685,5.0,9.312484710906453,0.136694125,1.5833749999999998,0.012339457598623175
357,-92.93668258190155,5.0,11.05403469129158,0.1174027,1.5775,0.012339457598623175
358,-100.29072701931,5.0,12.289617623193447,0.06295102500000001,1.5678281250000001,0.012339457598623175
359,-73.90405476093292,5.0,8.148992623193445,0.059735125,1.612890625,0.012339457598623175
360,-100.27036964893341,5.0,12.289617623193447,0.061393,1.5661406249999998,0.012339457598623175
361,-74.0838793516159,5.0,8.148992623193445,0.075284575,1.6224375,0.012339457598623175
362,-92.71327793598175,5.0,11.039617623193447,0.094831325,1.6042343749999999,0.012339457598623175
363,-73.7844113111496,5.0,8.148992623193445,0.054944124999999996,1.589875,0.012339457598623175
364,-74.3920966386795,5.0,8.148992623193445,0.11697912499999999,1.5936718749999998,0.012339457598623175
365,-79.53425443172455,5.0,8.914147871898276,0.14516289999999998,1.585734375,0.012339457598623175
366,-75.31266212463379,5.0,8.148992623193445,0.229282775,1.5444375,0.012339457598623175
367,-74.8573784828186,5.0,8.148992623193445,0.1801855,1.5494531249999999,0.012339457598623175
368,-74.01268422603607,5.0,8.148992623193445,0.0750664,1.60084375,0.012339457598623175
369,-76.58456027507782,5.0,8.269741339512496,0.25594495,1.620421875,0.012339457598623175
370,-108.2217937707901,5.0,13.506757047324294,0.07081805,1.58840625,0.012339457598623175
371,-83.14861607551575,5.0,9.555242623193445,0.09626235,1.5797343749999997,0.012339457598623175
372,-75.14545273780823,5.0,8.148992623193445,0.199745375,1.5807968749999999,0.012339457598623175
373,-78.23311722278595,5.0,8.773992623193445,0.104111425,1.5825937499999998,0.012339457598623175
374,-73.87653911113739,5.0,8.148992623193445,0.06500955,1.58846875,0.012339457598623175
375,-73.97581648826599,5.0,8.148992623193445,0.0748145,1.590078125,0.012339457598623175
376,-74.84356033802032,5.0,8.148992623193445,0.17067325,1.573671875,0.012339457598623175
377,-96.15721011161804,5.0,11.6320925839637,0.060544075,1.5983749999999999,0.012339457598623175
378,-73.653848528862,5.0,8.148992623193445,0.043552175,1.58325,0.012339457598623175
379,-88.65925431251526,5.0,10.46860049625069,0.053376725,1.60375,0.012339457598623175
380,-80.29399812221527,5.0,8.873484921107757,0.240187525,1.61940625,0.012339457598623175
381,-73.79170429706573,5.0,8.148992623193445,0.044818425,1.62253125,0.012339457598623175
382,-74.11309456825256,5.0,8.148992623193445,0.08959867499999999,1.588625,0.012339457598623175
383,-73.84053826332092,5.0,8.148992623193445,0.054707375,1.6081249999999998,0.012339457598623175
384,-74.01852250099182,5.0,8.148992623193445,0.069799475,1.61846875,0.012339457598623175
385,-74.21937501430511,5.0,8.148992623193445,0.09341954999999999,1.610375,0.012339457598623175
386,-74.06395602226257,5.0,8.148992623193445,0.083631125,1.591171875,0.012339457598623175
387,-92.37564063072205,5.0,10.961492623193447,0.113056625,1.600296875,0.012339457598623175
388,-77.39495503902435,5.0,8.617742623193445,0.12086537499999998,1.5829062499999997,0.012339457598623175
389,-95.34801876544952,5.0,11.48355442297188,0.0821224,1.57784375,0.012339457598623175
390,-73.95140862464905,5.0,8.148992623193445,0.07203765,1.59078125,0.012339457598623175
391,-74.67587637901306,5.0,8.148992623193445,0.16428949999999998,1.5404218749999998,0.012339457598623175
392,-74.1663990020752,5.0,8.148992623193445,0.088031425,1.609984375,0.012339457598623175
393,-74.8573784828186,5.0,8.148992623193445,0.1801855,1.5494531249999999,0.012339457598623175
394,-84.4560877084732,5.0,9.711492623193445,0.11958234999999999,1.6058593749999996,0.012339457598623175
395,-73.7730325460434,5.0,8.148992623193445,0.055180725,1.5856093749999998,0.012339457598623175
396,-93.76874053478241,5.0,11.256891261980059,0.069233475,1.5763124999999998,0.012339457598623175
397,-100.31364381313324,5.0,12.289617623193447,0.066338225,1.5648281249999998,0.012339457598623175
398,-75.15939271450043,5.0,8.148992623193445,0.202911,1.5756562499999998,0.012339457598623175
399,-73.68770360946655,5.0,8.148992623193445,0.046323550000000005,1.585515625,0.012339457598623175
400,-74.71081709861755,5.0,8.148992623193445,0.14128332500000002,1.620359375,0.012339457598623175
401,-74.04141318798065,5.0,8.148992623193445,0.07651725,1.60546875,0.012339457598623175
402,-73.88889801502228,5.0,8.148992623193445,0.066093825,1.589078125,0.012339457598623175
403,-101.18931293487549,5.0,12.445867623193447,0.05185585,1.569421875,0.012339457598623175
404,-74.10570287704468,5.0,8.148992623193445,0.07774015000000001,1.6218906249999998,0.012339457598623175
405,-89.43529796600342,5.0,10.57053208655404,0.06684355,1.6019999999999999,0.012339457598623175
406,-74.99902272224426,5.0,8.148992623193445,0.19945054999999998,1.5359218749999999,0.012339457598623175
407,-74.07798385620117,5.0,8.148992623193445,0.085462175,1.5900625,0.012339457598623175
408,-73.87272083759308,5.0,8.148992623193445,0.0651222,1.5869375,0.012339457598623175
409,-74.03630220890045,5.0,8.148992623193445,0.0806047,1.591609375,0.012339457598623175
410,-74.08035087585449,5.0,8.148992623193445,0.08079207499999999,1.6048125,0.012339457598623175
411,-74.5428456068039,5.0,8.148992623193445,0.14569254999999998,1.554640625,0.012339457598623175
412,-102.24673306941986,5.0,12.523992623193447,0.112878775,1.560546875,0.012339457598623175
413,-73.87897670269012,5.0,8.148992623193445,0.06533117499999999,1.588265625,0.012339457598623175
414,-74.08607196807861,5.0,8.148992623193445,0.079096275,1.6116875,0.012339457598623175
415,-105.22344851493835,5.0,13.01487153029976,0.08591412500000001,1.5899062499999999,0.012339457598623175
416,-89.9280891418457,5.0,10.663074154652177,0.065205175,1.5758281249999997,0.012339457598623175
417,-80.54143810272217,5.0,8.873484921107757,0.2673167,1.61534375,0.012339457598623175
418,-74.58488285541534,5.0,8.148992623193445,0.15084225,1.552328125,0.012339457598623175
419,-102.24669277667999,5.0,12.523992623193447,0.11297874999999999,1.5602343749999998,0.012339457598623175
420,-74.73001897335052,5.0,8.148992623193445,0.147861625,1.606625,0.012339457598623175
421,-74.06580018997192,5.0,8.148992623193445,0.074974225,1.6177187499999999,0.012339457598623175
422,-74.53034138679504,5.0,8.148992623193445,0.14462440000000001,1.5539375,0.012339457598623175
423,-77.01506447792053,5.0,8.342190569303927,0.25242715,1.620609375,0.012339457598623175
424,-99.13812005519867,5.0,12.055242623193447,0.087726325,1.6020625,0.012339457598623175
425,-92.87967216968536,5.0,11.039617623193447,0.11338282500000002,1.6005781250000002,0.012339457598623175
426,-74.02237963676453,5.0,8.148992623193445,0.069102325,1.6217656249999999,0.012339457598623175
427,-74.26297533512115,5.0,8.148992623193445,0.09454455,1.620625,0.012339457598623175
428,-76.03467953205109,5.0,8.148992623193445,0.29272735,1.579734375,0.012339457598623175
429,-74.07651853561401,5.0,8.148992623193445,0.07453865,1.622375,0.012339457598623175
430,-74.07603895664215,5.0,8.148992623193445,0.07450432500000001,1.622328125,0.012339457598623175
431,-73.91424989700317,5.0,8.148992623193445,0.068781525,1.5889375,0.012339457598623175
432,-78.33989870548248,5.0,8.535388515414411,0.263595625,1.61471875,0.012339457598623175
433,-74.40774476528168,5.0,8.148992623193445,0.112301825,1.6125937499999998,0.012339457598623175
434,-73.95619356632233,5.0,8.148992623193445,0.072249625,1.591640625,0.012339457598623175
435,-73.76649701595306,5.0,8.148992623193445,0.055812425,1.5816718749999998,0.012339457598623175
436,-84.26472795009613,5.0,9.640408388922811,0.15661144999999999,1.5771406249999997,0.012339457598623175
437,-75.93311679363251,5.0,8.148992623193445,0.282262475,1.5793906249999998,0.012339457598623175
438,-76.09425413608551,5.0,8.148992623193445,0.29906325,1.57934375,0.012339457598623175
439,-73.80178499221802,5.0,8.148992623193445,0.057613275,1.5872968749999998,0.012339457598623175
440,-74.62562465667725,5.0,8.148992623193445,0.13233620000000001,1.620578125,0.012339457598623175
441,-74.53034138679504,5.0,8.148992623193445,0.14462440000000001,1.5539375,0.012339457598623175
442,-74.99027514457703,5.0,8.148992623193445,0.19850809999999997,1.5360156249999999,0.012339457598623175
443,-74.6717586517334,5.0,8.148992623193445,0.141131375,1.608609375,0.012339457598623175
444,-75.33661019802094,5.0,8.148992623193445,0.23213675,1.543359375,0.012339457598623175
445,-102.82886457443237,5.0,12.640005744955523,0.08605550000000001,1.59090625,0.012339457598623175
446,-74.28648638725281,5.0,8.148992623193445,0.09945197500000001,1.6132499999999999,0.012339457598623175
447,-74.19135069847107,5.0,8.148992623193445,0.09548472499999999,1.595421875,0.012339457598623175
448,-73.86700391769409,5.0,8.148992623193445,0.05511002499999999,1.6151874999999998,0.012339457598623175
449,-75.0705955028534,5.0,8.148992623193445,0.19139565,1.5824531249999998,0.012339457598623175
450,-78.23311722278595,5.0,8.773992623193445,0.104111425,1.5825937499999998,0.012339457598623175
451,-73.8332531452179,5.0,8.148992623193445,0.049328725000000004,1.6219843749999998,0.012339457598623175
452,-73.85132241249084,5.0,8.148992623193445,0.062096324999999994,1.589328125,0.012339457598623175
453,-75.0705955028534,5.0,8.148992623193445,0.19139565,1.5824531249999998,0.012339457598623175
454,-74.5464596748352,5.0,8.148992623193445,0.13513150000000002,1.587453125,0.012339457598623175
455,-101.21254479885101,5.0,12.445867623193447,0.055978900000000005,1.5643125,0.012339457598623175
456,-73.87169885635376,5.0,8.148992623193445,0.064843875,1.587453125,0.012339457598623175
457,-74.43082535266876,5.0,8.148992623193445,0.1211071,1.5933906249999998,0.012339457598623175
458,-73.75531423091888,5.0,8.148992623193445,0.054871500000000004,1.581,0.012339457598623175
459,-73.84053826332092,5.0,8.148992623193445,0.054707375,1.6081249999999998,0.012339457598623175
460,-75.31707072257996,5.0,8.148992623193445,0.2160754,1.5854375,0.012339457598623175
461,-75.32639586925507,5.0,8.148992623193445,0.23121334999999998,1.5429374999999999,0.012339457598623175
462,-74.56492042541504,5.0,8.148992623193445,0.148502425,1.553109375,0.012339457598623175
463,-74.08926141262054,5.0,8.148992623193445,0.079183725,1.612421875,0.012339457598623175
464,-101.55247712135315,5.0,12.467660993660353,0.0707241,1.58271875,0.012339457598623175
465,-74.1536785364151,5.0,8.148992623193445,0.0826699,1.62209375,0.012339457598623175
466,-99.8375540971756,5.0,12.202438637627644,0.06470855,1.5952968749999998,0.012339457598623175
467,-75.08392035961151,5.0,8.148992623193445,0.1810545,1.617640625,0.012339457598623175
468,-74.18077671527863,5.0,8.148992623193445,0.085643675,1.621640625,0.012339457598623175
469,-73.86284947395325,5.0,8.148992623193445,0.06423457499999999,1.586515625,0.012339457598623175
470,-75.38209879398346,5.0,8.148992623193445,0.21252100000000002,1.616421875,0.012339457598623175
471,-90.10626566410065,5.0,10.648992623193445,0.093283175,1.5754374999999998,0.012339457598623175
472,-73.79254305362701,5.0,8.148992623193445,0.044937050000000006,1.6224375,0.012339457598623175
473,-74.53508841991425,5.0,8.148992623193445,0.12723864999999998,1.607578125,0.012339457598623175
474,-74.69796097278595,5.0,8.148992623193445,0.152381625,1.583046875,0.012339457598623175
475,-93.21364903450012,5.0,11.117742623193447,0.094989775,1.603875,0.012339457598623175
476,-74.0618040561676,5.0,8.148992623193445,0.08386012500000001,1.5898124999999999,0.012339457598623175
477,-74.1212466955185,5.0,8.148992623193445,0.09072910000000001,1.58778125,0.012339457598623175
478,-75.93651521205902,5.0,8.148992623193445,0.2710852,1.6139843749999998,0.012339457598623175
479,-74.70210981369019,5.0,8.148992623193445,0.145173175,1.6059687500000002,0.012339457598623175
480,-89.15216743946075,5.0,10.414617623193447,0.1430646,1.5966874999999998,0.012339457598623175
481,-74.1086608171463,5.0,8.148992623193445,0.0809545,1.613171875,0.012339457598623175
482,-87.60214352607727,5.0,10.280832066939166,0.069971225,1.59915625,0.012339457598623175
483,-74.83618330955505,5.0,8.148992623193445,0.1580975,1.60909375,0.012339457598623175
484,-74.10504710674286,5.0,8.148992623193445,0.081614575,1.6100625,0.012339457598623175
485,-74.78951144218445,5.0,8.148992623193445,0.164251475,1.5760468749999998,0.012339457598623175
486,-73.8068335056305,5.0,8.148992623193445,0.05922770000000001,1.5840312499999998,0.012339457598623175
487,-73.94132769107819,5.0,8.148992623193445,0.072096925,1.587453125,0.012339457598623175
488,-73.90835154056549,5.0,8.148992623193445,0.0773442,1.56140625,0.012339457598623175
489,-74.38856112957001,5.0,8.148992623193445,0.1166473,1.5935625,0.012339457598623175
490,-74.00924384593964,5.0,8.148992623193445,0.06713505,1.6235624999999998,0.012339457598623175
491,-75.70077836513519,5.0,8.148992623193445,0.24426367499999999,1.6207812499999998,0.012339457598623175
492,-74.9826431274414,5.0,8.148992623193445,0.197900575,1.535453125,0.012339457598623175
493,-76.38125121593475,5.0,8.367608408537683,0.181157625,1.5855156249999998,0.012339457598623175
494,-75.1664434671402,5.0,8.148992623193445,0.20205689999999998,1.5804218749999999,0.012339457598623175
495,-74.25985765457153,5.0,8.148992623193445,0.09431355,1.62034375,0.012339457598623175
496,-74.74328744411469,5.0,8.148992623193445,0.171129175,1.54096875,0.012339457598623175
497,-74.37321519851685,5.0,8.148992623193445,0.11491335,1.59396875,0.012339457598623175
498,-95.40333223342896,5.0,11.430242623193447,0.11594635,1.6002812499999999,0.012339457598623175
499,-97.1656996011734,5.0,11.7883425839637,0.061574225,1.5979375,0.012339457598623175
500,-98.17143023014069,5.0,11.9445925839637,0.06235865,1.597375,0.012339457598623175
501,-74.98544526100159,5.0,8.148992623193445,0.18521854999999998,1.5743749999999999,0.012339457598623175
502,-75.0286511182785,5.0,8.148992623193445,0.19938055,1.545390625,0.012339457598623175
503,-100.68321216106415,5.0,12.367742623193447,0.052668200000000005,1.565078125,0.012339457598623175
504,-74.51652979850769,5.0,8.148992623193445,0.1405867,1.561734375,0.012339457598623175
505,-74.17067360877991,5.0,8.148992623193445,0.09789335,1.581734375,0.012339457598623175
506,-78.281094789505,5.0,8.695532086554039,0.16009325,1.5865625,0.012339457598623175
507,-74.27701890468597,5.0,8.148992623193445,0.11285120000000001,1.57009375,0.012339457598623175
508,-73.80394959449768,5.0,8.148992623193445,0.057698125,1.5877187499999998,0.012339457598623175
509,-74.05120658874512,5.0,8.148992623193445,0.074995725,1.61309375,0.012339457598623175
510,-89.15216743946075,5.0,10.414617623193447,0.1430646,1.5966874999999998,0.012339457598623175
511,-84.00195097923279,5.0,9.711492623193445,0.087510825,1.56015625,0.012339457598623175
512,-74.13664543628693,5.0,8.148992623193445,0.081656025,1.6198125,0.012339457598623175
513,-74.64145255088806,5.0,8.148992623193445,0.138094275,1.60825,0.012339457598623175
514,-74.27771198749542,5.0,8.148992623193445,0.107475475,1.5864374999999997,0.012339457598623175
515,-74.63277924060822,5.0,8.148992623193445,0.15608145,1.551578125,0.012339457598623175
516,-99.93884587287903,5.0,12.209814939996415,0.07560782499999999,1.5795,0.012339457598623175
517,-92.10388386249542,5.0,10.883367623193447,0.137805925,1.597375,0.012339457598623175
518,-73.80845212936401,5.0,8.148992623193445,0.05828172499999999,1.5873749999999998,0.012339457598623175
519,-74.3232616186142,5.0,8.148992623193445,0.103522325,1.61253125,0.012339457598623175
520,-73.90129923820496,5.0,8.148992623193445,0.059005375,1.61421875,0.012339457598623175
521,-92.7420848608017,5.0,11.100976798619463,0.058347775000000004,1.59996875,0.012339457598623175
522,-74.08156049251556,5.0,8.148992623193445,0.078668,1.6115625,0.012339457598623175
523,-73.74225628376007,5.0,8.148992623193445,0.052943624999999994,1.5827031249999999,0.012339457598623175
524,-103.68397510051727,5.0,12.758367623193447,0.10579985,1.5621718749999998,0.012339457598623175
525,-73.88539659976959,5.0,8.148992623193445,0.05730197499999999,1.6143593749999998,0.012339457598623175
526,-74.63277924060822,5.0,8.148992623193445,0.15608145,1.551578125,0.012339457598623175
527,-73.8094733953476,5.0,8.148992623193445,0.059492275,1.5840625,0.012339457598623175
528,-73.85575211048126,5.0,8.148992623193445,0.06354735,1.5863593749999998,0.012339457598623175
529,-74.72799396514893,5.0,8.148992623193445,0.14787465,1.6059531249999999,0.012339457598623175
530,-74.17732894420624,5.0,8.148992623193445,0.08802937499999999,1.6134062500000002,0.012339457598623175
531,-96.94227373600006,5.0,11.742742623193447,0.080898575,1.5613437499999998,0.012339457598623175
532,-73.9398865699768,5.0,8.148992623193445,0.06858225000000001,1.597546875,0.012339457598623175
533,-75.88881540298462,5.0,8.148992623193445,0.2770488,1.5811875,0.012339457598623175
534,-102.24363589286804,5.0,12.523992623193447,0.11278532499999999,1.559859375,0.012339457598623175
535,-82.09839117527008,5.0,9.13913209700967,0.251953275,1.6166874999999998,0.012339457598623175
536,-99.99289989471436,5.0,12.170920208316115,0.107652675,1.578046875,0.012339457598623175
537,-74.04004538059235,5.0,8.148992623193445,0.08229665,1.587703125,0.012339457598623175
538,-98.32533276081085,5.0,11.968063637627644,0.062857375,1.5970312499999997,0.012339457598623175
539,-74.06274831295013,5.0,8.148992623193445,0.0742032,1.6190781249999997,0.012339457598623175
540,-100.84386622905731,5.0,12.367742623193447,0.0701791,1.5627499999999999,0.012339457598623175
541,-74.68052697181702,5.0,8.148992623193445,0.1536854,1.5736875,0.012339457598623175
542,-74.33954048156738,5.0,8.148992623193445,0.105020125,1.613125,0.012339457598623175
543,-73.86161291599274,5.0,8.148992623193445,0.054772425,1.6145156250000001,0.012339457598623175
544,-74.32498240470886,5.0,8.148992623193445,0.10379015,1.6122656249999998,0.012339457598623175
545,-73.91278326511383,5.0,8.148992623193445,0.06702459999999999,1.59375,0.012339457598623175
546,-82.04074108600616,5.0,9.312484710906453,0.142202575,1.58121875,0.012339457598623175
547,-100.29072701931,5.0,12.289617623193447,0.06295102500000001,1.5678281250000001,0.012339457598623175
548,-74.0618212223053,5.0,8.148992623193445,0.078033775,1.6072968749999998,0.012339457598623175
549,-74.30896079540253,5.0,8.148992623193445,0.10806392499999999,1.5944375,0.012339457598623175
550,-100.68410062789917,5.0,12.367742623193447,0.05273992500000001,1.565140625,0.012339457598623175
551,-89.92149662971497,5.0,10.647986013275226,0.06658245,1.5998124999999999,0.012339457598623175
552,-74.17323470115662,5.0,8.148992623193445,0.09348305,1.5957656249999999,0.012339457598623175
553,-100.28909182548523,5.0,12.289617623193447,0.061989025,1.570203125,0.012339457598623175
554,-73.79170429706573,5.0,8.148992623193445,0.044818425,1.62253125,0.012339457598623175
555,-73.75038754940033,5.0,8.148992623193445,0.055186450000000005,1.5785156249999999,0.012339457598623175
556,-73.78080582618713,5.0,8.148992623193445,0.054474800000000004,1.5901562499999997,0.012339457598623175
557,-84.71472692489624,5.0,9.84360049625069,0.05941555,1.60296875,0.012339457598623175
558,-74.1322454214096,5.0,8.148992623193445,0.08520295,1.607796875,0.012339457598623175
559,-102.40569579601288,5.0,12.600439939996413,0.07096195,1.583078125,0.012339457598623175
560,-73.76121175289154,5.0,8.148992623193445,0.0551525,1.582,0.012339457598623175
561,-74.0187555551529,5.0,8.148992623193445,0.0728602,1.609359375,0.012339457598623175
562,-98.1235579252243,5.0,11.936545208316119,0.06937222500000001,1.5774687499999998,0.012339457598623175
563,-73.9157646894455,5.0,8.148992623193445,0.067231,1.5940625,0.012339457598623175
564,-74.82554411888123,5.0,8.148992623193445,0.165786125,1.582703125,0.012339457598623175
565,-73.85611283779144,5.0,8.148992623193445,0.064407825,1.583890625,0.012339457598623175
566,-73.8603800535202,5.0,8.148992623193445,0.063321075,1.5884843749999997,0.012339457598623175
567,-74.09016382694244,5.0,8.148992623193445,0.07794962500000001,1.6164062499999998,0.012339457598623175
568,-75.0024846792221,5.0,8.148992623193445,0.20000907499999998,1.535328125,0.012339457598623175
569,-73.69178855419159,5.0,8.148992623193445,0.04666052500000001,1.58578125,0.012339457598623175
570,-73.8189686536789,5.0,8.148992623193445,0.047726175,1.622328125,0.012339457598623175
571,-75.68962228298187,5.0,8.148992623193445,0.242987,1.621125,0.012339457598623175
572,-75.58594977855682,5.0,8.148992623193445,0.232844025,1.61915625,0.012339457598623175
573,-74.03630220890045,5.0,8.148992623193445,0.0806047,1.591609375,0.012339457598623175
574,-74.7776552438736,5.0,8.148992623193445,0.160443525,1.5837656249999998,0.012339457598623175
575,-94.35323309898376,5.0,11.273992623193447,0.12120167500000001,1.5688593749999997,0.012339457598623175
576,-73.98956644535065,5.0,8.148992623193445,0.07287185,1.6002031249999997,0.012339457598623175
577,-74.18077671527863,5.0,8.148992623193445,0.085643675,1.621640625,0.012339457598623175
578,-74.48940432071686,5.0,8.148992623193445,0.11834447499999999,1.619984375,0.012339457598623175
579,-89.20622885227203,5.0,10.414617623193447,0.14856060000000001,1.59709375,0.012339457598623175
580,-74.00355362892151,5.0,8.148992623193445,0.06655795,1.623515625,0.012339457598623175
581,-74.52674007415771,5.0,8.148992623193445,0.13134822499999999,1.592640625,0.012339457598623175
582,-100.80754578113556,5.0,12.367742623193447,0.066083225,1.5636875,0.012339457598623175
583,-75.5284333229065,5.0,8.305242623193445,0.143972525,1.555296875,0.012339457598623175
584,-93.72473478317261,5.0,11.195867623193447,0.09637372500000001,1.6031875,0.012339457598623175
585,-75.82264637947083,5.0,8.148992623193445,0.2570989,1.620359375,0.012339457598623175
586,-90.49898147583008,5.0,10.648992623193445,0.12623275,1.5993125,0.012339457598623175
587,-77.78803837299347,5.0,8.695867623193445,0.1097126,1.5829531249999997,0.012339457598623175
588,-102.24669277667999,5.0,12.523992623193447,0.11297874999999999,1.5602343749999998,0.012339457598623175
589,-93.64512932300568,5.0,11.117742623193447,0.1420398,1.5975625,0.012339457598623175
590,-75.02937519550323,5.0,8.148992623193445,0.18971125,1.574625,0.012339457598623175
591,-102.62847852706909,5.0,12.602117623193447,0.09933145,1.5642343749999998,0.012339457598623175
592,-94.5471340417862,5.0,11.273992623193447,0.131467375,1.59865625,0.012339457598623175
593,-75.33524537086487,5.0,8.148992623193445,0.23211957500000002,1.542984375,0.012339457598623175
594,-73.75141334533691,5.0,8.148992623193445,0.052355824999999995,1.5873281249999998,0.012339457598623175
595,-73.844651222229,5.0,8.148992623193445,0.054953525,1.6086718750000002,0.012339457598623175
596,-84.49266445636749,5.0,9.711492623193445,0.12347055000000001,1.6056249999999999,0.012339457598623175
597,-90.67104756832123,5.0,10.648992623193447,0.144994825,1.596796875,0.012339457598623175
598,-73.73999226093292,5.0,8.148992623193445,0.051317175,1.586875,0.012339457598623175
599,-74.13922810554504,5.0,8.148992623193445,0.08135215000000001,1.6215312499999999,0.012339457598623175
600,-75.83774900436401,5.0,8.148992623193445,0.271442925,1.582046875,0.012339457598623175
601,-74.6814752817154,5.0,8.148992623193445,0.16578935,1.537671875,0.012339457598623175
602,-74.4505056142807,5.0,8.148992623193445,0.125912325,1.5851249999999997,0.012339457598623175
603,-99.59900283813477,5.0,12.155160993660356,0.07681535,1.578984375,0.012339457598623175
604,-75.09116637706757,5.0,8.148992623193445,0.19297075000000002,1.58415625,0.012339457598623175
605,-100.28909182548523,5.0,12.289617623193447,0.061989025,1.570203125,0.012339457598623175
606,-93.26930260658264,5.0,11.178766261980057,0.06967745,1.5751562499999998,0.012339457598623175
607,-73.70052981376648,5.0,8.148992623193445,0.047159625,1.587015625,0.012339457598623175
608,-98.79060435295105,5.0,11.983487315643995,0.10710842500000001,1.578828125,0.012339457598623175
609,-100.97361290454865,5.0,12.334882047324294,0.100247175,1.5788125,0.012339457598623175
610,-73.79425168037415,5.0,8.148992623193445,0.06676090000000001,1.5575,0.012339457598623175
611,-73.78101968765259,5.0,8.148992623193445,0.05741375,1.58140625,0.012339457598623175
612,-74.77349352836609,5.0,8.148992623193445,0.16042147499999998,1.5825312499999997,0.012339457598623175
613,-92.03826475143433,5.0,10.967862315643996,0.08134382500000001,1.577265625,0.012339457598623175
614,-75.09116637706757,5.0,8.148992623193445,0.19297075000000002,1.58415625,0.012339457598623175
615,-74.75596594810486,5.0,8.148992623193445,0.15064777499999998,1.6063749999999999,0.012339457598623175
616,-79.72545790672302,5.0,9.008367623193445,0.11101155,1.5594999999999999,0.012339457598623175
617,-74.08394598960876,5.0,8.148992623193445,0.08624989999999999,1.5895625,0.012339457598623175
618,-73.8293890953064,5.0,8.148992623193445,0.06095225,1.58590625,0.012339457598623175
619,-74.04464483261108,5.0,8.148992623193445,0.08223415,1.5893281249999998,0.012339457598623175
620,-99.79814183712006,5.0,12.211492623193447,0.06327027500000001,1.5691875,0.012339457598623175
621,-73.67510843276978,5.0,8.148992623193445,0.045626125000000003,1.5836718749999998,0.012339457598623175
622,-74.15453720092773,5.0,8.148992623193445,0.09150414999999999,1.5958593749999999,0.012339457598623175
623,-97.05844020843506,5.0,11.749112315643998,0.083023525,1.57853125,0.012339457598623175
624,-73.78803491592407,5.0,8.148992623193445,0.057113275,1.5844999999999998,0.012339457598623175
625,-74.76127803325653,5.0,8.148992623193445,0.150555275,1.6083124999999998,0.012339457598623175
626,-74.77024173736572,5.0,8.148992623193445,0.161239,1.5790625,0.012339457598623175
627,-82.04216492176056,5.0,9.398992623193445,0.091762275,1.55996875,0.012339457598623175
628,-73.80277299880981,5.0,8.148992623193445,0.062695375,1.572359375,0.012339457598623175
629,-74.0278297662735,5.0,8.148992623193445,0.074456475,1.6074062500000001,0.012339457598623175
630,-100.81046795845032,5.0,12.367742623193447,0.066111575,1.5645156249999999,0.012339457598623175
631,-73.89839518070221,5.0,8.148992623193445,0.059322675000000005,1.612359375,0.012339457598623175
632,-95.44456815719604,5.0,11.452371530299757,0.112952675,1.577890625,0.012339457598623175
633,-74.94697761535645,5.0,8.148992623193445,0.193888575,1.53634375,0.012339457598623175
634,-101.20777451992035,5.0,12.445867623193447,0.055440325000000006,1.5644375,0.012339457598623175
635,-73.68790698051453,5.0,8.148992623193445,0.046308274999999996,1.585625,0.012339457598623175
636,-74.07475292682648,5.0,8.148992623193445,0.085250625,1.5896875,0.012339457598623175
637,-89.91761195659637,5.0,10.663074154652175,0.06377005,1.5768593749999997,0.012339457598623175
638,-79.53425443172455,5.0,8.914147871898276,0.14516289999999998,1.585734375,0.012339457598623175
639,-73.85131871700287,5.0,8.148992623193445,0.05418450000000001,1.6130624999999998,0.012339457598623175
640,-74.0432677268982,5.0,8.148992623193445,0.079783375,1.59625,0.012339457598623175
641,-74.30896079540253,5.0,8.148992623193445,0.10806392499999999,1.5944375,0.012339457598623175
642,-82.52435576915741,5.0,9.211581326801102,0.24720219999999998,1.61915625,0.012339457598623175
643,-75.85775148868561,5.0,8.148992623193445,0.27366192500000003,1.581640625,0.012339457598623175
644,-73.93180453777313,5.0,8.148992623193445,0.07854765,1.5651249999999999,0.012339457598623175
645,-74.28872776031494,5.0,8.148992623193445,0.100774025,1.609984375,0.012339457598623175
646,-74.26715171337128,5.0,8.148992623193445,0.10633377499999999,1.5865624999999999,0.012339457598623175
647,-102.23543274402618,5.0,12.523992623193447,0.111451675,1.561296875,0.012339457598623175
648,-75.56674242019653,5.0,8.148992623193445,0.23193179999999997,1.615890625,0.012339457598623175
649,-74.44550478458405,5.0,8.148992623193445,0.11573515,1.6140937499999999,0.012339457598623175
650,-74.75415694713593,5.0,8.148992623193445,0.1551677,1.59225,0.012339457598623175
651,-75.3612357378006,5.0,8.148992623193445,0.2348269,1.542984375,0.012339457598623175
652,-107.30205798149109,5.0,13.342795208316117,0.0843566,1.5882968750000002,0.012339457598623175
653,-74.59119403362274,5.0,8.148992623193445,0.15085385,1.554265625,0.012339457598623175
654,-100.28308343887329,5.0,12.289617623193447,0.06255585000000001,1.566625,0.012339457598623175
655,-74.21773993968964,5.0,8.148992623193445,0.10042632500000001,1.5888437499999999,0.012339457598623175
656,-75.4962762594223,5.0,8.148992623193445,0.236185325,1.581109375,0.012339457598623175
657,-73.92319166660309,5.0,8.148992623193445,0.05809837500000001,1.62378125,0.012339457598623175
658,-74.07350564002991,5.0,8.148992623193445,0.097657075,1.552078125,0.012339457598623175
659,-74.80036449432373,5.0,8.148992623193445,0.1685174,1.566640625,0.012339457598623175
660,-73.93180453777313,5.0,8.148992623193445,0.07854765,1.5651249999999999,0.012339457598623175
661,-74.03934049606323,5.0,8.148992623193445,0.08086907500000001,1.5917656249999999,0.012339457598623175
662,-104.41847026348114,5.0,12.912939939996413,0.07151137499999999,1.5854218749999998,0.012339457598623175
663,-88.70240139961243,5.0,10.336492623193447,0.1480994,1.59728125,0.012339457598623175
664,-73.80719113349915,5.0,8.148992623193445,0.05965037499999999,1.582875,0.012339457598623175
665,-97.8577048778534,5.0,11.898992623193447,0.071844525,1.562078125,0.012339457598623175
666,-74.59638297557831,5.0,8.148992623193445,0.13342037499999998,1.6081875,0.012339457598623175
667,-73.80606698989868,5.0,8.148992623193445,0.05914265,1.5840468749999999,0.012339457598623175
668,-88.65925431251526,5.0,10.46860049625069,0.053376725,1.60375,0.012339457598623175
669,-74.48935043811798,5.0,8.148992623193445,0.13020345,1.5843906249999997,0.012339457598623175
670,-74.95216715335846,5.0,8.148992623193445,0.17870519999999998,1.583515625,0.012339457598623175
671,-98.33809685707092,5.0,11.977117623193447,0.069682225,1.5624375000000001,0.012339457598623175
672,-89.20536506175995,5.0,10.414617623193447,0.148538325,1.596890625,0.012339457598623175
673,-74.45116984844208,5.0,8.148992623193445,0.12332004999999999,1.593109375,0.012339457598623175
674,-82.70478987693787,5.0,9.235731070064912,0.25033507499999996,1.61784375,0.012339457598623175
675,-91.17205166816711,5.0,10.727117623193447,0.14517755,1.5965625,0.012339457598623175
676,-81.57362759113312,5.0,9.320867623193445,0.094940675,1.560265625,0.012339457598623175
677,-74.02033030986786,5.0,8.148992623193445,0.0719097,1.612703125,0.012339457598623175
678,-90.96447491645813,5.0,10.727117623193445,0.12253415000000001,1.599625,0.012339457598623175
679,-74.4253602027893,5.0,8.148992623193445,0.120464875,1.5936093749999998,0.012339457598623175
680,-100.54388904571533,5.0,12.319122832668533,0.0651831,1.5812343749999997,0.012339457598623175
681,-78.23311722278595,5.0,8.773992623193445,0.104111425,1.5825937499999998,0.012339457598623175
682,-74.44213330745697,5.0,8.148992623193445,0.1403006,1.53934375,0.012339457598623175
683,-74.08898484706879,5.0,8.148992623193445,0.080660175,1.60790625,0.012339457598623175
684,-73.90794551372528,5.0,8.148992623193445,0.06671337499999999,1.593171875,0.012339457598623175
685,-97.91108012199402,5.0,11.881891261980059,0.083372975,1.5783749999999999,0.012339457598623175
686,-75.02083671092987,5.0,8.148992623193445,0.17439995,1.617890625,0.012339457598623175
687,-74.41396284103394,5.0,8.148992623193445,0.126657875,1.57146875,0.012339457598623175
688,-107.27305686473846,5.0,13.342795208316115,0.0813044,1.588390625,0.012339457598623175
689,-94.46716284751892,5.0,11.273992623193447,0.12280892500000001,1.599640625,0.012339457598623175
690,-73.69523203372955,5.0,8.148992623193445,0.048071275,1.5826249999999997,0.012339457598623175
691,-90.67104756832123,5.0,10.648992623193447,0.144994825,1.596796875,0.012339457598623175
692,-76.16208899021149,5.0,8.148992623193445,0.306124175,1.579359375,0.012339457598623175
693,-74.26674520969391,5.0,8.148992623193445,0.0989998,1.6084375,0.012339457598623175
694,-74.03928637504578,5.0,8.148992623193445,0.08179055000000002,1.588984375,0.012339457598623175
695,-103.25969064235687,5.0,12.733218886332473,0.0713171,1.5833281249999998,0.012339457598623175
696,-74.15453720092773,5.0,8.148992623193445,0.09150414999999999,1.5958593749999999,0.012339457598623175
697,-73.88539659976959,5.0,8.148992623193445,0.05730197499999999,1.6143593749999998,0.012339457598623175
698,-90.6084920167923,5.0,10.727117623193445,0.093588,1.57521875,0.012339457598623175
699,-73.9420018196106,5.0,8.148992623193445,0.0785213,1.5683906250000001,0.012339457598623175
700,-101.43026459217072,5.0,12.445867623193447,0.07940810000000001,1.5620625,0.012339457598623175
701,-74.11748170852661,5.0,8.148992623193445,0.099300475,1.5608906249999999,0.012339457598623175
702,-100.80763244628906,5.0,12.367742623193447,0.06598287500000001,1.564015625,0.012339457598623175
703,-80.12938344478607,5.0,8.849335177843946,0.23877542499999999,1.6204999999999998,0.012339457598623175
704,-74.8086519241333,5.0,8.148992623193445,0.155464025,1.608390625,0.012339457598623175
705,-75.07987701892853,5.0,8.148992623193445,0.20391975,1.5477812499999999,0.012339457598623175
706,-73.9050840139389,5.0,8.148992623193445,0.06127465,1.60859375,0.012339457598623175
707,-90.23489022254944,5.0,10.695599193881922,0.066771975,1.601953125,0.012339457598623175
708,-73.9420018196106,5.0,8.148992623193445,0.0785213,1.5683906250000001,0.012339457598623175
709,-90.02245450019836,5.0,10.570867623193445,0.1288289,1.598859375,0.012339457598623175
710,-84.42694520950317,5.0,9.711492623193445,0.116234175,1.6067968749999997,0.012339457598623175
711,-73.99939966201782,5.0,8.148992623193445,0.08824504999999999,1.55715625,0.012339457598623175
712,-74.41672778129578,5.0,8.148992623193445,0.13740940000000001,1.540078125,0.012339457598623175
713,-74.05261635780334,5.0,8.148992623193445,0.07743945,1.606203125,0.012339457598623175
714,-84.57656621932983,5.0,9.69506233525887,0.152684675,1.5770625,0.012339457598623175
715,-74.40733003616333,5.0,8.148992623193445,0.109644025,1.6204375,0.012339457598623175
716,-81.0989066362381,5.0,9.242742623193445,0.09764682499999999,1.5600468749999998,0.012339457598623175
717,-99.54174017906189,5.0,12.155160993660356,0.07084527500000001,1.579,0.012339457598623175
718,-74.08670163154602,5.0,8.148992623193445,0.078812925,1.612734375,0.012339457598623175
719,-73.92230260372162,5.0,8.148992623193445,0.067599525,1.5949999999999998,0.012339457598623175
720,-82.17045497894287,5.0,9.398992623193445,0.09851639999999999,1.579796875,0.012339457598623175
721,-74.11716055870056,5.0,8.148992623193445,0.08157947500000001,1.6139531249999999,0.012339457598623175
722,-74.03764319419861,5.0,8.148992623193445,0.081645425,1.58890625,0.012339457598623175
723,-74.22327291965485,5.0,8.148992623193445,0.099033925,1.59475,0.012339457598623175
724,-73.92230534553528,5.0,8.148992623193445,0.070688325,1.585734375,0.012339457598623175
725,-73.83672738075256,5.0,8.148992623193445,0.054367700000000005,1.6079531249999999,0.012339457598623175
726,-74.12124454975128,5.0,8.148992623193445,0.082301825,1.6130625,0.012339457598623175
727,-74.08735179901123,5.0,8.148992623193445,0.07887545,1.61275,0.012339457598623175
728,-73.67816495895386,5.0,8.148992623193445,0.045887225000000004,1.58384375,0.012339457598623175
729,-73.95118868350983,5.0,8.148992623193445,0.0717439,1.59159375,0.012339457598623175
730,-74.48122155666351,5.0,8.148992623193445,0.12640354999999998,1.5932499999999998,0.012339457598623175
731,-100.8096182346344,5.0,12.367742623193447,0.0661689,1.564078125,0.012339457598623175
732,-73.95210778713226,5.0,8.148992623193445,0.06929280000000002,1.599234375,0.012339457598623175
733,-74.40101790428162,5.0,8.148992623193445,0.117898,1.5937031249999998,0.012339457598623175
734,-79.73639738559723,5.0,8.752736204788704,0.264045975,1.615078125,0.012339457598623175
735,-74.49425971508026,5.0,8.148992623193445,0.12155337499999999,1.611875,0.012339457598623175
736,-75.33524537086487,5.0,8.148992623193445,0.23211957500000002,1.542984375,0.012339457598623175
737,-93.79390478134155,5.0,11.195867623193447,0.10407892500000002,1.6016875000000002,0.012339457598623175
738,-73.89831984043121,5.0,8.148992623193445,0.05869502499999999,1.61421875,0.012339457598623175
739,-93.32020604610443,5.0,11.117742623193447,0.117157175,1.570671875,0.012339457598623175
740,-74.0838793516159,5.0,8.148992623193445,0.075284575,1.6224375,0.012339457598623175
741,-74.77046203613281,5.0,8.148992623193445,0.16113175,1.579453125,0.012339457598623175
742,-78.81410038471222,5.0,8.607837745205842,0.264718175,1.614640625,0.012339457598623175
743,-99.52748250961304,5.0,12.133367623193447,0.07581095,1.6032343749999998,0.012339457598623175
744,-73.91963529586792,5.0,8.148992623193445,0.076201875,1.568359375,0.012339457598623175
745,-73.9157646894455,5.0,8.148992623193445,0.067231,1.5940625,0.012339457598623175
746,-73.82700765132904,5.0,8.148992623193445,0.061323975,1.5840468749999999,0.012339457598623175
747,-101.76601588726044,5.0,12.523992623193447,0.05968425000000001,1.5699062499999998,0.012339457598623175
748,-73.94588994979858,5.0,8.148992623193445,0.08282737500000001,1.5566875,0.012339457598623175
749,-73.87169885635376,5.0,8.148992623193445,0.064843875,1.587453125,0.012339457598623175
750,-73.93908250331879,5.0,8.148992623193445,0.07193075,1.5872499999999998,0.012339457598623175
751,-74.99902272224426,5.0,8.148992623193445,0.19945054999999998,1.5359218749999999,0.012339457598623175
752,-89.58588707447052,5.0,10.59400314021798,0.0668513,1.6020937499999999,0.012339457598623175
753,-74.70712101459503,5.0,8.148992623193445,0.14098685,1.62009375,0.012339457598623175
754,-74.35767138004303,5.0,8.148992623193445,0.1067525,1.61359375,0.012339457598623175
755,-90.26296639442444,5.0,10.718734710906455,0.053653075,1.6038124999999999,0.012339457598623175
756,-74.08898484706879,5.0,8.148992623193445,0.080660175,1.60790625,0.012339457598623175
757,-103.18392181396484,5.0,12.680242623193447,0.10584637499999999,1.562015625,0.012339457598623175
758,-74.6814752817154,5.0,8.148992623193445,0.16578935,1.537671875,0.012339457598623175
759,-100.5693871974945,5.0,12.319122832668533,0.0678027,1.5813437499999998,0.012339457598623175
760,-73.91459858417511,5.0,8.148992623193445,0.07327097499999999,1.575578125,0.012339457598623175
761,-74.03848028182983,5.0,8.148992623193445,0.08215444999999999,1.587640625,0.012339457598623175
762,-74.64265716075897,5.0,8.148992623193445,0.1384906,1.6074375,0.012339457598623175
763,-79.69051504135132,5.0,9.008367623193445,0.09997577499999999,1.5816875,0.012339457598623175
764,-73.80178499221802,5.0,8.148992623193445,0.057613275,1.5872968749999998,0.012339457598623175
765,-75.09116637706757,5.0,8.148992623193445,0.19297075000000002,1.58415625,0.012339457598623175
766,-74.76999461650848,5.0,8.148992623193445,0.17357262499999998,1.541984375,0.012339457598623175
767,-74.53103697299957,5.0,8.148992623193445,0.13175415,1.5927656249999997,0.012339457598623175
768,-75.62368643283844,5.0,8.148992623193445,0.23786867499999997,1.615875,0.012339457598623175
769,-83.9246346950531,5.0,9.585754442586751,0.15738144999999998,1.5778593749999998,0.012339457598623175
770,-101.19890344142914,5.0,12.445867623193447,0.05303195000000001,1.5688906249999999,0.012339457598623175
771,-75.11580240726471,5.0,8.148992623193445,0.184391175,1.61759375,0.012339457598623175
772,-74.47310209274292,5.0,8.148992623193445,0.143594225,1.539140625,0.012339457598623175
773,-75.06287443637848,5.0,8.148992623193445,0.20311215000000002,1.544890625,0.012339457598623175
774,-75.01173520088196,5.0,8.148992623193445,0.184639375,1.5843281249999999,0.012339457598623175
775,-94.48411798477173,5.0,11.273992623193447,0.12471569999999998,1.59921875,0.012339457598623175
776,-74.1212466955185,5.0,8.148992623193445,0.09072910000000001,1.58778125,0.012339457598623175
777,-73.91141033172607,5.0,8.148992623193445,0.07336595,1.574296875,0.012339457598623175
778,-73.78797221183777,5.0,8.148992623193445,0.044460925,1.6224375,0.012339457598623175
779,-94.0448807477951,5.0,11.273992623193447,0.092623275,1.558234375,0.012339457598623175
780,-75.37004768848419,5.0,8.148992623193445,0.211328175,1.6162343750000001,0.012339457598623175
781,-74.38386738300323,5.0,8.148992623193445,0.10716355,1.620546875,0.012339457598623175
782,-74.00855159759521,5.0,8.148992623193445,0.074703625,1.6006406249999998,0.012339457598623175
783,-73.87216794490814,5.0,8.148992623193445,0.06292405000000001,1.593359375,0.012339457598623175
